datahora;nome_drs;pacientes_uti_mm7d;total_covid_uti_mm7d;ocupacao_leitos;pop;leitos_pc;internacoes_7d;internacoes_7d_l;internacoes_7v7
2020-10-08;DRS 01 Grande São Paulo;2036,86;4829,86;42,17;21138247;22,85;4121;4093;  0,68
2020-10-08;DRS 02 Araçatuba;  58,71; 118,57;49,52;  764041;15,52; 126; 131; -3,82
2020-10-08;DRS 03 Araraquara;  45,14; 123,29;36,61;  991435;12,44; 248; 222; 11,71
2020-10-08;DRS 04 Baixada Santista; 108,14; 409,14;26,43; 1831884;22,33; 205; 189;  8,47
2020-10-08;DRS 05 Barretos;  55,57;  91,86;60,49;  425090;21,61; 192; 150; 28,00
2020-10-08;DRS 06 Bauru; 148,57; 227,57;65,29; 1741281;13,07; 379; 308; 23,05
2020-10-08;DRS 07 Campinas; 277,57; 718,71;38,62; 4562125;15,75; 597; 490; 21,84
2020-10-08;DRS 08 Franca;  61,00; 110,00;55,45;  696336;15,80; 119; 133;-10,53
2020-10-08;DRS 09 Marília;  65,86; 160,00;41,16; 1109670;14,42; 184; 153; 20,26
2020-10-08;DRS 10 Piracicaba;  89,86; 244,86;36,70; 1539600;15,90; 185; 174;  6,32
2020-10-08;DRS 11 Presidente Prudente;  49,43;  77,43;63,84;  752260;10,29; 171; 158;  8,23
2020-10-08;DRS 12 Registro;  11,29;  39,00;28,95;  278754;13,99;  35;  45;-22,22
2020-10-08;DRS 13 Ribeirão Preto; 169,14; 308,29;54,86; 1477530;20,87; 428; 369; 15,99
2020-10-08;DRS 14 São João da Boa Vista;  55,43; 124,71;44,45;  809836;15,40; 142; 135;  5,19
2020-10-08;DRS 15 São José do Rio Preto; 266,29; 445,29;59,80; 1570421;28,35; 685; 574; 19,34
2020-10-08;DRS 16 Sorocaba; 113,14; 240,57;47,03; 2461760; 9,77; 260; 272; -4,41
2020-10-08;DRS 17 Taubaté; 157,00; 434,86;36,10; 2489629;17,47; 368; 368;  0,00
2020-10-08;Estado de São Paulo;3769,00;8704,00;43,30;44639899;19,50;8445;7964;  6,04
2020-10-09;DRS 01 Grande São Paulo;2027,43;4822,29;42,04;21138247;22,81;4146;4130;  0,39
2020-10-09;DRS 02 Araçatuba;  58,86; 119,43;49,28;  764041;15,63; 127; 123;  3,25
2020-10-09;DRS 03 Araraquara;  45,14; 123,14;36,66;  991435;12,42; 259; 217; 19,35
2020-10-09;DRS 04 Baixada Santista; 107,00; 412,29;25,95; 1831884;22,51; 206; 190;  8,42
2020-10-09;DRS 05 Barretos;  56,14;  91,57;61,31;  425090;21,54; 180; 163; 10,43
2020-10-09;DRS 06 Bauru; 150,57; 227,57;66,16; 1741281;13,07; 377; 311; 21,22
2020-10-09;DRS 07 Campinas; 271,57; 697,14;38,95; 4562125;15,28; 579; 522; 10,92
2020-10-09;DRS 08 Franca;  59,57; 110,00;54,15;  696336;15,80; 117; 140;-16,43
2020-10-09;DRS 09 Marília;  66,00; 160,00;41,25; 1109670;14,42; 195; 157; 24,20
2020-10-09;DRS 10 Piracicaba;  87,71; 244,57;35,86; 1539600;15,89; 192; 171; 12,28
2020-10-09;DRS 11 Presidente Prudente;  48,86;  77,86;62,75;  752260;10,35; 176; 160; 10,00
2020-10-09;DRS 12 Registro;  11,29;  39,00;28,95;  278754;13,99;  31;  47;-34,04
2020-10-09;DRS 13 Ribeirão Preto; 165,29; 308,43;53,59; 1477530;20,87; 450; 358; 25,70
2020-10-09;DRS 14 São João da Boa Vista;  55,86; 126,29;44,23;  809836;15,59; 149; 124; 20,16
2020-10-09;DRS 15 São José do Rio Preto; 265,29; 445,00;59,62; 1570421;28,34; 703; 600; 17,17
2020-10-09;DRS 16 Sorocaba; 111,43; 238,00;46,82; 2461760; 9,67; 270; 264;  2,27
2020-10-09;DRS 17 Taubaté; 152,57; 434,43;35,12; 2489629;17,45; 348; 380; -8,42
2020-10-09;Estado de São Paulo;3740,57;8677,00;43,11;44639899;19,44;8505;8057;  5,56
2020-10-10;DRS 01 Grande São Paulo;2022,00;4812,57;42,01;21138247;22,77;4164;4111;  1,29
2020-10-10;DRS 02 Araçatuba;  59,86; 119,43;50,12;  764041;15,63; 146; 113; 29,20
2020-10-10;DRS 03 Araraquara;  45,14; 123,00;36,70;  991435;12,41; 265; 215; 23,26
2020-10-10;DRS 04 Baixada Santista; 106,29; 412,29;25,78; 1831884;22,51; 188; 208; -9,62
2020-10-10;DRS 05 Barretos;  56,86;  91,29;62,29;  425090;21,48; 177; 163;  8,59
2020-10-10;DRS 06 Bauru; 152,14; 227,71;66,81; 1741281;13,08; 369; 333; 10,81
2020-10-10;DRS 07 Campinas; 267,57; 679,29;39,39; 4562125;14,89; 562; 536;  4,85
2020-10-10;DRS 08 Franca;  57,29; 110,00;52,08;  696336;15,80; 125; 133; -6,02
2020-10-10;DRS 09 Marília;  66,57; 159,29;41,79; 1109670;14,35; 204; 156; 30,77
2020-10-10;DRS 10 Piracicaba;  84,71; 243,71;34,76; 1539600;15,83; 188; 179;  5,03
2020-10-10;DRS 11 Presidente Prudente;  48,43;  77,86;62,20;  752260;10,35; 178; 156; 14,10
2020-10-10;DRS 12 Registro;  11,14;  39,00;28,56;  278754;13,99;  32;  44;-27,27
2020-10-10;DRS 13 Ribeirão Preto; 160,43; 308,57;51,99; 1477530;20,88; 426; 381; 11,81
2020-10-10;DRS 14 São João da Boa Vista;  55,43; 126,86;43,69;  809836;15,66; 153; 122; 25,41
2020-10-10;DRS 15 São José do Rio Preto; 264,00; 444,29;59,42; 1570421;28,29; 695; 622; 11,74
2020-10-10;DRS 16 Sorocaba; 111,57; 236,43;47,19; 2461760; 9,60; 256; 270; -5,19
2020-10-10;DRS 17 Taubaté; 148,86; 435,43;34,19; 2489629;17,49; 342; 365; -6,30
2020-10-10;Estado de São Paulo;3718,29;8647,00;43,00;44639899;19,37;8470;8107;  4,48
2020-10-11;DRS 01 Grande São Paulo;2007,00;4781,86;41,97;21138247;22,62;4110;4084;  0,64
2020-10-11;DRS 02 Araçatuba;  60,00; 120,00;50,00;  764041;15,71; 145; 118; 22,88
2020-10-11;DRS 03 Araraquara;  46,71; 123,43;37,84;  991435;12,45; 264; 228; 15,79
2020-10-11;DRS 04 Baixada Santista; 106,86; 411,71;25,96; 1831884;22,47; 184; 206;-10,68
2020-10-11;DRS 05 Barretos;  57,00;  91,00;62,64;  425090;21,41; 162; 175; -7,43
2020-10-11;DRS 06 Bauru; 152,00; 228,00;66,67; 1741281;13,09; 347; 345;  0,58
2020-10-11;DRS 07 Campinas; 260,57; 670,57;38,86; 4562125;14,70; 522; 554; -5,78
2020-10-11;DRS 08 Franca;  56,00; 110,00;50,91;  696336;15,80; 129; 130; -0,77
2020-10-11;DRS 09 Marília;  65,57; 159,43;41,13; 1109670;14,37; 201; 160; 25,63
2020-10-11;DRS 10 Piracicaba;  81,43; 242,57;33,57; 1539600;15,76; 176; 181; -2,76
2020-10-11;DRS 11 Presidente Prudente;  49,71;  78,14;63,62;  752260;10,39; 172; 164;  4,88
2020-10-11;DRS 12 Registro;  11,43;  39,00;29,31;  278754;13,99;  36;  42;-14,29
2020-10-11;DRS 13 Ribeirão Preto; 157,43; 309,00;50,95; 1477530;20,91; 412; 385;  7,01
2020-10-11;DRS 14 São João da Boa Vista;  54,00; 126,71;42,62;  809836;15,65; 144; 120; 20,00
2020-10-11;DRS 15 São José do Rio Preto; 260,86; 443,71;58,79; 1570421;28,25; 689; 638;  7,99
2020-10-11;DRS 16 Sorocaba; 110,86; 234,00;47,38; 2461760; 9,51; 235; 282;-16,67
2020-10-11;DRS 17 Taubaté; 148,71; 432,71;34,37; 2489629;17,38; 347; 371; -6,47
2020-10-11;Estado de São Paulo;3686,14;8601,86;42,85;44639899;19,27;8275;8183;  1,12
2020-10-12;DRS 01 Grande São Paulo;1990,29;4748,71;41,91;21138247;22,47;4034;4106; -1,75
2020-10-12;DRS 02 Araçatuba;  60,86; 120,14;50,66;  764041;15,72; 144; 127; 13,39
2020-10-12;DRS 03 Araraquara;  46,86; 123,57;37,92;  991435;12,46; 252; 228; 10,53
2020-10-12;DRS 04 Baixada Santista; 106,57; 410,71;25,95; 1831884;22,42; 196; 192;  2,08
2020-10-12;DRS 05 Barretos;  56,43;  91,00;62,01;  425090;21,41; 152; 177;-14,12
2020-10-12;DRS 06 Bauru; 151,86; 228,43;66,48; 1741281;13,12; 327; 345; -5,22
2020-10-12;DRS 07 Campinas; 255,71; 661,57;38,65; 4562125;14,50; 514; 571; -9,98
2020-10-12;DRS 08 Franca;  55,43; 110,00;50,39;  696336;15,80; 114; 133;-14,29
2020-10-12;DRS 09 Marília;  63,57; 160,14;39,70; 1109670;14,43; 191; 173; 10,40
2020-10-12;DRS 10 Piracicaba;  78,29; 241,71;32,39; 1539600;15,70; 163; 186;-12,37
2020-10-12;DRS 11 Presidente Prudente;  50,29;  78,29;64,24;  752260;10,41; 175; 165;  6,06
2020-10-12;DRS 12 Registro;  11,71;  39,00;30,03;  278754;13,99;  32;  42;-23,81
2020-10-12;DRS 13 Ribeirão Preto; 151,43; 308,14;49,14; 1477530;20,86; 404; 392;  3,06
2020-10-12;DRS 14 São João da Boa Vista;  52,57; 127,00;41,39;  809836;15,68; 137; 122; 12,30
2020-10-12;DRS 15 São José do Rio Preto; 256,57; 442,71;57,95; 1570421;28,19; 660; 654;  0,92
2020-10-12;DRS 16 Sorocaba; 110,14; 232,71;47,33; 2461760; 9,45; 223; 286;-22,03
2020-10-12;DRS 17 Taubaté; 148,43; 428,71;34,62; 2489629;17,22; 336; 376;-10,64
2020-10-12;Estado de São Paulo;3647,00;8552,57;42,64;44639899;19,16;8054;8275; -2,67
2020-10-13;DRS 01 Grande São Paulo;1972,86;4732,57;41,69;21138247;22,39;3870;4205; -7,97
2020-10-13;DRS 02 Araçatuba;  62,00; 120,14;51,61;  764041;15,72; 140; 128;  9,38
2020-10-13;DRS 03 Araraquara;  46,43; 123,57;37,57;  991435;12,46; 247; 229;  7,86
2020-10-13;DRS 04 Baixada Santista; 106,00; 410,71;25,81; 1831884;22,42; 207; 188; 10,11
2020-10-13;DRS 05 Barretos;  55,86;  91,00;61,38;  425090;21,41; 140; 186;-24,73
2020-10-13;DRS 06 Bauru; 151,29; 229,14;66,03; 1741281;13,16; 316; 364;-13,19
2020-10-13;DRS 07 Campinas; 252,86; 658,29;38,41; 4562125;14,43; 490; 584;-16,10
2020-10-13;DRS 08 Franca;  53,57; 110,00;48,70;  696336;15,80; 120; 127; -5,51
2020-10-13;DRS 09 Marília;  63,14; 160,86;39,25; 1109670;14,50; 185; 175;  5,71
2020-10-13;DRS 10 Piracicaba;  76,29; 240,86;31,67; 1539600;15,64; 150; 193;-22,28
2020-10-13;DRS 11 Presidente Prudente;  49,43;  78,14;63,26;  752260;10,39; 163; 162;  0,62
2020-10-13;DRS 12 Registro;  11,86;  39,00;30,41;  278754;13,99;  30;  43;-30,23
2020-10-13;DRS 13 Ribeirão Preto; 145,57; 306,57;47,48; 1477530;20,75; 381; 409; -6,85
2020-10-13;DRS 14 São João da Boa Vista;  50,57; 127,43;39,68;  809836;15,74; 133; 130;  2,31
2020-10-13;DRS 15 São José do Rio Preto; 251,57; 442,57;56,84; 1570421;28,18; 637; 654; -2,60
2020-10-13;DRS 16 Sorocaba; 111,43; 231,86;48,06; 2461760; 9,42; 230; 260;-11,54
2020-10-13;DRS 17 Taubaté; 148,86; 422,14;35,26; 2489629;16,96; 326; 388;-15,98
2020-10-13;Estado de São Paulo;3609,57;8524,86;42,34;44639899;19,10;7765;8425; -7,83
2020-10-14;DRS 01 Grande São Paulo;1949,29;4715,57;41,34;21138247;22,31;3702;4113; -9,99
2020-10-14;DRS 02 Araçatuba;  62,86; 120,14;52,32;  764041;15,72; 134; 131;  2,29
2020-10-14;DRS 03 Araraquara;  44,29; 123,57;35,84;  991435;12,46; 224; 234; -4,27
2020-10-14;DRS 04 Baixada Santista; 108,86; 409,00;26,62; 1831884;22,33; 190; 206; -7,77
2020-10-14;DRS 05 Barretos;  55,57;  91,00;61,07;  425090;21,41; 125; 196;-36,22
2020-10-14;DRS 06 Bauru; 148,14; 229,29;64,61; 1741281;13,17; 291; 371;-21,56
2020-10-14;DRS 07 Campinas; 250,43; 655,00;38,23; 4562125;14,36; 473; 597;-20,77
2020-10-14;DRS 08 Franca;  50,57; 110,00;45,97;  696336;15,80; 127; 120;  5,83
2020-10-14;DRS 09 Marília;  64,43; 161,00;40,02; 1109670;14,51; 179; 169;  5,92
2020-10-14;DRS 10 Piracicaba;  74,57; 239,86;31,09; 1539600;15,58; 140; 191;-26,70
2020-10-14;DRS 11 Presidente Prudente;  48,14;  78,43;61,38;  752260;10,43; 138; 173;-20,23
2020-10-14;DRS 12 Registro;  11,57;  39,00;29,67;  278754;13,99;  27;  41;-34,15
2020-10-14;DRS 13 Ribeirão Preto; 143,00; 304,71;46,93; 1477530;20,62; 362; 416;-12,98
2020-10-14;DRS 14 São João da Boa Vista;  47,86; 127,29;37,60;  809836;15,72; 122; 135; -9,63
2020-10-14;DRS 15 São José do Rio Preto; 246,86; 442,43;55,80; 1570421;28,17; 580; 659;-11,99
2020-10-14;DRS 16 Sorocaba; 112,86; 230,86;48,89; 2461760; 9,38; 234; 262;-10,69
2020-10-14;DRS 17 Taubaté; 147,57; 415,86;35,49; 2489629;16,70; 315; 369;-14,63
2020-10-14;Estado de São Paulo;3566,86;8493,00;42,00;44639899;19,03;7363;8383;-12,17
2020-10-15;DRS 01 Grande São Paulo;1935,14;4709,57;41,09;21138247;22,28;3620;4121;-12,16
2020-10-15;DRS 02 Araçatuba;  63,14; 119,71;52,74;  764041;15,67; 141; 126; 11,90
2020-10-15;DRS 03 Araraquara;  42,29; 123,57;34,22;  991435;12,46; 217; 248;-12,50
2020-10-15;DRS 04 Baixada Santista; 110,29; 408,00;27,03; 1831884;22,27; 189; 205; -7,80
2020-10-15;DRS 05 Barretos;  54,00;  91,00;59,34;  425090;21,41; 113; 192;-41,15
2020-10-15;DRS 06 Bauru; 145,43; 228,86;63,55; 1741281;13,14; 280; 379;-26,12
2020-10-15;DRS 07 Campinas; 243,71; 644,86;37,79; 4562125;14,14; 440; 597;-26,30
2020-10-15;DRS 08 Franca;  48,71; 110,14;44,23;  696336;15,82; 120; 119;  0,84
2020-10-15;DRS 09 Marília;  65,29; 160,43;40,70; 1109670;14,46; 167; 184; -9,24
2020-10-15;DRS 10 Piracicaba;  74,14; 238,14;31,13; 1539600;15,47; 133; 185;-28,11
2020-10-15;DRS 11 Presidente Prudente;  46,29;  79,00;58,59;  752260;10,50; 133; 171;-22,22
2020-10-15;DRS 12 Registro;  11,43;  39,00;29,31;  278754;13,99;  25;  35;-28,57
2020-10-15;DRS 13 Ribeirão Preto; 143,43; 303,43;47,27; 1477530;20,54; 359; 428;-16,12
2020-10-15;DRS 14 São João da Boa Vista;  46,86; 127,29;36,81;  809836;15,72; 124; 142;-12,68
2020-10-15;DRS 15 São José do Rio Preto; 241,14; 442,29;54,52; 1570421;28,16; 545; 685;-20,44
2020-10-15;DRS 16 Sorocaba; 112,86; 230,00;49,07; 2461760; 9,34; 229; 260;-11,92
2020-10-15;DRS 17 Taubaté; 146,14; 407,14;35,89; 2489629;16,35; 313; 368;-14,95
2020-10-15;Estado de São Paulo;3530,29;8462,43;41,72;44639899;18,96;7148;8445;-15,36
2020-10-16;DRS 01 Grande São Paulo;1908,14;4682,14;40,75;21138247;22,15;3565;4146;-14,01
2020-10-16;DRS 02 Araçatuba;  62,71; 118,57;52,89;  764041;15,52; 140; 127; 10,24
2020-10-16;DRS 03 Araraquara;  40,57; 123,43;32,87;  991435;12,45; 207; 259;-20,08
2020-10-16;DRS 04 Baixada Santista; 111,71; 403,57;27,68; 1831884;22,03; 185; 206;-10,19
2020-10-16;DRS 05 Barretos;  53,57;  91,00;58,87;  425090;21,41; 114; 180;-36,67
2020-10-16;DRS 06 Bauru; 141,14; 228,29;61,82; 1741281;13,11; 266; 377;-29,44
2020-10-16;DRS 07 Campinas; 236,71; 635,57;37,24; 4562125;13,93; 418; 579;-27,81
2020-10-16;DRS 08 Franca;  47,57; 110,14;43,19;  696336;15,82; 117; 117;  0,00
2020-10-16;DRS 09 Marília;  66,14; 160,57;41,19; 1109670;14,47; 154; 195;-21,03
2020-10-16;DRS 10 Piracicaba;  72,43; 236,71;30,60; 1539600;15,37; 127; 192;-33,85
2020-10-16;DRS 11 Presidente Prudente;  45,29;  79,14;57,23;  752260;10,52; 128; 176;-27,27
2020-10-16;DRS 12 Registro;  10,43;  39,00;26,74;  278754;13,99;  25;  31;-19,35
2020-10-16;DRS 13 Ribeirão Preto; 143,14; 301,71;47,44; 1477530;20,42; 323; 450;-28,22
2020-10-16;DRS 14 São João da Boa Vista;  46,71; 127,14;36,74;  809836;15,70; 124; 149;-16,78
2020-10-16;DRS 15 São José do Rio Preto; 233,86; 440,86;53,05; 1570421;28,07; 496; 703;-29,45
2020-10-16;DRS 16 Sorocaba; 114,29; 230,43;49,60; 2461760; 9,36; 219; 270;-18,89
2020-10-16;DRS 17 Taubaté; 146,57; 400,00;36,64; 2489629;16,07; 309; 348;-11,21
2020-10-16;Estado de São Paulo;3481,00;8408,29;41,40;44639899;18,84;6917;8505;-18,67
2020-10-17;DRS 01 Grande São Paulo;1886,14;4631,29;40,73;21138247;21,91;3494;4164;-16,09
2020-10-17;DRS 02 Araçatuba;  61,57; 118,00;52,18;  764041;15,44; 130; 146;-10,96
2020-10-17;DRS 03 Araraquara;  39,14; 123,29;31,75;  991435;12,44; 185; 265;-30,19
2020-10-17;DRS 04 Baixada Santista; 111,86; 401,43;27,87; 1831884;21,91; 198; 188;  5,32
2020-10-17;DRS 05 Barretos;  51,86;  91,00;56,99;  425090;21,41; 110; 177;-37,85
2020-10-17;DRS 06 Bauru; 137,86; 228,86;60,24; 1741281;13,14; 254; 369;-31,17
2020-10-17;DRS 07 Campinas; 231,00; 623,29;37,06; 4562125;13,66; 388; 562;-30,96
2020-10-17;DRS 08 Franca;  47,00; 109,43;42,95;  696336;15,72; 112; 125;-10,40
2020-10-17;DRS 09 Marília;  67,57; 161,43;41,86; 1109670;14,55; 142; 204;-30,39
2020-10-17;DRS 10 Piracicaba;  72,14; 236,00;30,57; 1539600;15,33; 121; 188;-35,64
2020-10-17;DRS 11 Presidente Prudente;  43,29;  78,86;54,89;  752260;10,48; 118; 178;-33,71
2020-10-17;DRS 12 Registro;  10,00;  39,00;25,64;  278754;13,99;  22;  32;-31,25
2020-10-17;DRS 13 Ribeirão Preto; 142,29; 300,14;47,41; 1477530;20,31; 316; 426;-25,82
2020-10-17;DRS 14 São João da Boa Vista;  46,57; 127,29;36,59;  809836;15,72; 113; 153;-26,14
2020-10-17;DRS 15 São José do Rio Preto; 226,29; 439,43;51,50; 1570421;27,98; 484; 695;-30,36
2020-10-17;DRS 16 Sorocaba; 114,29; 230,43;49,60; 2461760; 9,36; 208; 256;-18,75
2020-10-17;DRS 17 Taubaté; 145,14; 392,14;37,01; 2489629;15,75; 310; 342; -9,36
2020-10-17;Estado de São Paulo;3434,00;8331,29;41,22;44639899;18,66;6705;8470;-20,84
2020-10-18;DRS 01 Grande São Paulo;1874,29;4588,71;40,85;21138247;21,71;3494;4110;-14,99
2020-10-18;DRS 02 Araçatuba;  60,43; 116,86;51,71;  764041;15,29; 119; 145;-17,93
2020-10-18;DRS 03 Araraquara;  36,57; 122,71;29,80;  991435;12,38; 175; 264;-33,71
2020-10-18;DRS 04 Baixada Santista; 113,71; 400,43;28,40; 1831884;21,86; 202; 184;  9,78
2020-10-18;DRS 05 Barretos;  50,57;  91,00;55,57;  425090;21,41; 103; 162;-36,42
2020-10-18;DRS 06 Bauru; 134,57; 229,43;58,65; 1741281;13,18; 244; 347;-29,68
2020-10-18;DRS 07 Campinas; 228,29; 612,00;37,30; 4562125;13,41; 386; 522;-26,05
2020-10-18;DRS 08 Franca;  45,57; 109,43;41,64;  696336;15,72; 104; 129;-19,38
2020-10-18;DRS 09 Marília;  68,86; 161,29;42,69; 1109670;14,53; 137; 201;-31,84
2020-10-18;DRS 10 Piracicaba;  72,14; 235,57;30,62; 1539600;15,30; 123; 176;-30,11
2020-10-18;DRS 11 Presidente Prudente;  41,00;  78,29;52,37;  752260;10,41; 108; 172;-37,21
2020-10-18;DRS 12 Registro;   9,14;  39,00;23,44;  278754;13,99;  17;  36;-52,78
2020-10-18;DRS 13 Ribeirão Preto; 140,00; 297,86;47,00; 1477530;20,16; 313; 412;-24,03
2020-10-18;DRS 14 São João da Boa Vista;  46,86; 127,43;36,77;  809836;15,74; 112; 144;-22,22
2020-10-18;DRS 15 São José do Rio Preto; 222,57; 437,86;50,83; 1570421;27,88; 468; 689;-32,08
2020-10-18;DRS 16 Sorocaba; 113,14; 230,43;49,10; 2461760; 9,36; 204; 235;-13,19
2020-10-18;DRS 17 Taubaté; 142,00; 387,71;36,63; 2489629;15,57; 295; 347;-14,99
2020-10-18;Estado de São Paulo;3399,71;8266,00;41,13;44639899;18,52;6604;8275;-20,19
2020-10-19;DRS 01 Grande São Paulo;1857,86;4548,29;40,85;21138247;21,52;3498;4034;-13,29
2020-10-19;DRS 02 Araçatuba;  59,71; 116,14;51,41;  764041;15,20; 119; 144;-17,36
2020-10-19;DRS 03 Araraquara;  35,57; 122,43;29,05;  991435;12,35; 187; 252;-25,79
2020-10-19;DRS 04 Baixada Santista; 116,43; 400,00;29,11; 1831884;21,84; 205; 196;  4,59
2020-10-19;DRS 05 Barretos;  49,71;  91,00;54,63;  425090;21,41; 103; 152;-32,24
2020-10-19;DRS 06 Bauru; 129,71; 229,14;56,61; 1741281;13,16; 247; 327;-24,46
2020-10-19;DRS 07 Campinas; 224,14; 602,14;37,22; 4562125;13,20; 358; 514;-30,35
2020-10-19;DRS 08 Franca;  44,14; 109,57;40,28;  696336;15,74; 110; 114; -3,51
2020-10-19;DRS 09 Marília;  71,14; 160,86;44,22; 1109670;14,50; 141; 191;-26,18
2020-10-19;DRS 10 Piracicaba;  70,86; 234,86;30,17; 1539600;15,25; 126; 163;-22,70
2020-10-19;DRS 11 Presidente Prudente;  38,86;  77,86;49,91;  752260;10,35;  95; 175;-45,71
2020-10-19;DRS 12 Registro;   7,71;  39,00;19,77;  278754;13,99;  21;  32;-34,37
2020-10-19;DRS 13 Ribeirão Preto; 140,29; 296,57;47,30; 1477530;20,07; 314; 404;-22,28
2020-10-19;DRS 14 São João da Boa Vista;  46,86; 127,00;36,90;  809836;15,68; 113; 137;-17,52
2020-10-19;DRS 15 São José do Rio Preto; 218,43; 437,14;49,97; 1570421;27,84; 456; 660;-30,91
2020-10-19;DRS 16 Sorocaba; 111,57; 230,14;48,48; 2461760; 9,35; 210; 223; -5,83
2020-10-19;DRS 17 Taubaté; 138,71; 385,86;35,95; 2489629;15,50; 283; 336;-15,77
2020-10-19;Estado de São Paulo;3361,71;8208,00;40,96;44639899;18,39;6586;8054;-18,23
2020-10-20;DRS 01 Grande São Paulo;1822,00;4501,14;40,48;21138247;21,29;3498;3870; -9,61
2020-10-20;DRS 02 Araçatuba;  59,14; 115,86;51,04;  764041;15,16; 125; 140;-10,71
2020-10-20;DRS 03 Araraquara;  34,43; 122,29;28,15;  991435;12,33; 175; 247;-29,15
2020-10-20;DRS 04 Baixada Santista; 119,71; 399,29;29,98; 1831884;21,80; 194; 207; -6,28
2020-10-20;DRS 05 Barretos;  48,14;  91,00;52,90;  425090;21,41;  97; 140;-30,71
2020-10-20;DRS 06 Bauru; 127,00; 228,43;55,60; 1741281;13,12; 244; 316;-22,78
2020-10-20;DRS 07 Campinas; 216,71; 591,14;36,66; 4562125;12,96; 363; 490;-25,92
2020-10-20;DRS 08 Franca;  43,29; 109,71;39,46;  696336;15,76;  96; 120;-20,00
2020-10-20;DRS 09 Marília;  70,43; 160,29;43,94; 1109670;14,44; 137; 185;-25,95
2020-10-20;DRS 10 Piracicaba;  68,14; 232,57;29,30; 1539600;15,11; 126; 150;-16,00
2020-10-20;DRS 11 Presidente Prudente;  37,14;  77,57;47,88;  752260;10,31; 103; 163;-36,81
2020-10-20;DRS 12 Registro;   7,00;  39,00;17,95;  278754;13,99;  24;  30;-20,00
2020-10-20;DRS 13 Ribeirão Preto; 138,43; 296,71;46,65; 1477530;20,08; 312; 381;-18,11
2020-10-20;DRS 14 São João da Boa Vista;  46,29; 126,71;36,53;  809836;15,65; 108; 133;-18,80
2020-10-20;DRS 15 São José do Rio Preto; 216,86; 433,57;50,02; 1570421;27,61; 464; 637;-27,16
2020-10-20;DRS 16 Sorocaba; 110,00; 230,14;47,80; 2461760; 9,35; 223; 230; -3,04
2020-10-20;DRS 17 Taubaté; 134,29; 385,71;34,82; 2489629;15,49; 281; 326;-13,80
2020-10-20;Estado de São Paulo;3299,00;8141,14;40,52;44639899;18,24;6570;7765;-15,39
2020-10-21;DRS 01 Grande São Paulo;1792,57;4454,71;40,24;21138247;21,07;3617;3702; -2,30
2020-10-21;DRS 02 Araçatuba;  57,86; 116,29;49,75;  764041;15,22; 120; 134;-10,45
2020-10-21;DRS 03 Araraquara;  34,57; 122,14;28,30;  991435;12,32; 186; 224;-16,96
2020-10-21;DRS 04 Baixada Santista; 121,43; 397,29;30,56; 1831884;21,69; 210; 190; 10,53
2020-10-21;DRS 05 Barretos;  47,14;  92,14;51,16;  425090;21,68; 101; 125;-19,20
2020-10-21;DRS 06 Bauru; 125,14; 228,43;54,78; 1741281;13,12; 257; 291;-11,68
2020-10-21;DRS 07 Campinas; 209,00; 580,00;36,03; 4562125;12,71; 354; 473;-25,16
2020-10-21;DRS 08 Franca;  42,71; 109,86;38,88;  696336;15,78;  92; 127;-27,56
2020-10-21;DRS 09 Marília;  68,29; 160,29;42,60; 1109670;14,44; 143; 179;-20,11
2020-10-21;DRS 10 Piracicaba;  65,00; 232,14;28,00; 1539600;15,08; 126; 140;-10,00
2020-10-21;DRS 11 Presidente Prudente;  35,14;  77,00;45,64;  752260;10,24; 105; 138;-23,91
2020-10-21;DRS 12 Registro;   7,00;  39,00;17,95;  278754;13,99;  26;  27; -3,70
2020-10-21;DRS 13 Ribeirão Preto; 135,57; 297,14;45,62; 1477530;20,11; 301; 362;-16,85
2020-10-21;DRS 14 São João da Boa Vista;  46,14; 127,00;36,33;  809836;15,68; 113; 122; -7,38
2020-10-21;DRS 15 São José do Rio Preto; 216,43; 428,86;50,47; 1570421;27,31; 477; 580;-17,76
2020-10-21;DRS 16 Sorocaba; 107,14; 230,14;46,55; 2461760; 9,35; 211; 234; -9,83
2020-10-21;DRS 17 Taubaté; 131,14; 386,57;33,92; 2489629;15,53; 278; 315;-11,75
2020-10-21;Estado de São Paulo;3242,29;8079,00;40,13;44639899;18,10;6717;7363; -8,77
2020-10-22;DRS 01 Grande São Paulo;1763,29;4390,14;40,16;21138247;20,77;3635;3620;  0,41
2020-10-22;DRS 02 Araçatuba;  56,71; 116,14;48,83;  764041;15,20; 109; 141;-22,70
2020-10-22;DRS 03 Araraquara;  34,57; 122,00;28,34;  991435;12,31; 177; 217;-18,43
2020-10-22;DRS 04 Baixada Santista; 122,71; 395,00;31,07; 1831884;21,56; 225; 189; 19,05
2020-10-22;DRS 05 Barretos;  46,86;  92,14;50,86;  425090;21,68; 100; 113;-11,50
2020-10-22;DRS 06 Bauru; 122,71; 228,14;53,79; 1741281;13,10; 247; 280;-11,79
2020-10-22;DRS 07 Campinas; 204,00; 574,57;35,50; 4562125;12,59; 367; 440;-16,59
2020-10-22;DRS 08 Franca;  43,14; 109,71;39,32;  696336;15,76;  94; 120;-21,67
2020-10-22;DRS 09 Marília;  67,29; 161,00;41,80; 1109670;14,51; 148; 167;-11,38
2020-10-22;DRS 10 Piracicaba;  62,71; 230,71;27,18; 1539600;14,99; 126; 133; -5,26
2020-10-22;DRS 11 Presidente Prudente;  33,86;  76,29;44,38;  752260;10,14;  99; 133;-25,56
2020-10-22;DRS 12 Registro;   7,14;  39,00;18,31;  278754;13,99;  29;  25; 16,00
2020-10-22;DRS 13 Ribeirão Preto; 130,14; 295,86;43,99; 1477530;20,02; 278; 359;-22,56
2020-10-22;DRS 14 São João da Boa Vista;  45,86; 127,43;35,99;  809836;15,74; 102; 124;-17,74
2020-10-22;DRS 15 São José do Rio Preto; 216,43; 423,86;51,06; 1570421;26,99; 449; 545;-17,61
2020-10-22;DRS 16 Sorocaba; 105,86; 231,14;45,80; 2461760; 9,39; 212; 229; -7,42
2020-10-22;DRS 17 Taubaté; 128,14; 388,14;33,01; 2489629;15,59; 268; 313;-14,38
2020-10-22;Estado de São Paulo;3191,43;8001,29;39,89;44639899;17,92;6665;7148; -6,76
2020-10-23;DRS 01 Grande São Paulo;1747,71;4344,71;40,23;21138247;20,55;3586;3565;  0,59
2020-10-23;DRS 02 Araçatuba;  55,86; 116,29;48,04;  764041;15,22; 109; 140;-22,14
2020-10-23;DRS 03 Araraquara;  34,14; 122,00;27,98;  991435;12,31; 183; 207;-11,59
2020-10-23;DRS 04 Baixada Santista; 125,43; 393,43;31,88; 1831884;21,48; 231; 185; 24,86
2020-10-23;DRS 05 Barretos;  44,71;  92,14;48,52;  425090;21,68;  91; 114;-20,18
2020-10-23;DRS 06 Bauru; 121,71; 228,14;53,35; 1741281;13,10; 242; 266; -9,02
2020-10-23;DRS 07 Campinas; 200,57; 567,86;35,32; 4562125;12,45; 376; 418;-10,05
2020-10-23;DRS 08 Franca;  43,00; 109,71;39,19;  696336;15,76;  88; 117;-24,79
2020-10-23;DRS 09 Marília;  66,43; 161,00;41,26; 1109670;14,51; 147; 154; -4,55
2020-10-23;DRS 10 Piracicaba;  60,86; 229,00;26,58; 1539600;14,87; 115; 127; -9,45
2020-10-23;DRS 11 Presidente Prudente;  32,00;  75,71;42,27;  752260;10,06;  88; 128;-31,25
2020-10-23;DRS 12 Registro;   7,86;  39,00;20,15;  278754;13,99;  30;  25; 20,00
2020-10-23;DRS 13 Ribeirão Preto; 124,86; 293,57;42,53; 1477530;19,87; 272; 323;-15,79
2020-10-23;DRS 14 São João da Boa Vista;  43,86; 127,86;34,30;  809836;15,79;  99; 124;-20,16
2020-10-23;DRS 15 São José do Rio Preto; 215,43; 420,43;51,24; 1570421;26,77; 442; 496;-10,89
2020-10-23;DRS 16 Sorocaba; 103,86; 230,71;45,02; 2461760; 9,37; 206; 219; -5,94
2020-10-23;DRS 17 Taubaté; 125,71; 387,71;32,42; 2489629;15,57; 270; 309;-12,62
2020-10-23;Estado de São Paulo;3154,00;7939,29;39,73;44639899;17,79;6575;6917; -4,94
2020-10-24;DRS 01 Grande São Paulo;1731,43;4332,43;39,96;21138247;20,50;3613;3494;  3,41
2020-10-24;DRS 02 Araçatuba;  54,86; 116,57;47,06;  764041;15,26; 105; 130;-19,23
2020-10-24;DRS 03 Araraquara;  33,86; 122,00;27,75;  991435;12,31; 182; 185; -1,62
2020-10-24;DRS 04 Baixada Santista; 129,14; 392,14;32,93; 1831884;21,41; 235; 198; 18,69
2020-10-24;DRS 05 Barretos;  43,43;  91,43;47,50;  425090;21,51;  90; 110;-18,18
2020-10-24;DRS 06 Bauru; 121,86; 227,71;53,52; 1741281;13,08; 235; 254; -7,48
2020-10-24;DRS 07 Campinas; 196,86; 564,00;34,90; 4562125;12,36; 389; 388;  0,26
2020-10-24;DRS 08 Franca;  43,14; 109,71;39,32;  696336;15,76;  88; 112;-21,43
2020-10-24;DRS 09 Marília;  64,14; 161,14;39,80; 1109670;14,52; 147; 142;  3,52
2020-10-24;DRS 10 Piracicaba;  58,00; 227,71;25,47; 1539600;14,79; 105; 121;-13,22
2020-10-24;DRS 11 Presidente Prudente;  31,29;  75,57;41,41;  752260;10,05;  95; 118;-19,49
2020-10-24;DRS 12 Registro;   8,57;  39,00;21,97;  278754;13,99;  35;  22; 59,09
2020-10-24;DRS 13 Ribeirão Preto; 119,43; 290,57;41,10; 1477530;19,67; 259; 316;-18,04
2020-10-24;DRS 14 São João da Boa Vista;  42,57; 127,43;33,41;  809836;15,74;  98; 113;-13,27
2020-10-24;DRS 15 São José do Rio Preto; 215,57; 416,43;51,77; 1570421;26,52; 429; 484;-11,36
2020-10-24;DRS 16 Sorocaba; 102,00; 230,29;44,29; 2461760; 9,35; 212; 208;  1,92
2020-10-24;DRS 17 Taubaté; 124,14; 387,43;32,04; 2489629;15,56; 263; 310;-15,16
2020-10-24;Estado de São Paulo;3120,29;7911,57;39,44;44639899;17,72;6580;6705; -1,86
2020-10-25;DRS 01 Grande São Paulo;1720,14;4316,29;39,85;21138247;20,42;3627;3494;  3,81
2020-10-25;DRS 02 Araçatuba;  53,86; 117,00;46,03;  764041;15,31; 119; 119;  0,00
2020-10-25;DRS 03 Araraquara;  34,43; 121,86;28,25;  991435;12,29; 181; 175;  3,43
2020-10-25;DRS 04 Baixada Santista; 132,43; 391,14;33,86; 1831884;21,35; 237; 202; 17,33
2020-10-25;DRS 05 Barretos;  41,71;  91,00;45,84;  425090;21,41;  91; 103;-11,65
2020-10-25;DRS 06 Bauru; 122,14; 228,00;53,57; 1741281;13,09; 246; 244;  0,82
2020-10-25;DRS 07 Campinas; 192,43; 558,57;34,45; 4562125;12,24; 386; 386;  0,00
2020-10-25;DRS 08 Franca;  43,71; 109,00;40,10;  696336;15,65;  91; 104;-12,50
2020-10-25;DRS 09 Marília;  64,00; 160,86;39,79; 1109670;14,50; 153; 137; 11,68
2020-10-25;DRS 10 Piracicaba;  56,29; 226,57;24,84; 1539600;14,72; 114; 123; -7,32
2020-10-25;DRS 11 Presidente Prudente;  30,14;  75,57;39,88;  752260;10,05; 101; 108; -6,48
2020-10-25;DRS 12 Registro;   9,57;  39,00;24,54;  278754;13,99;  38;  17;123,53
2020-10-25;DRS 13 Ribeirão Preto; 115,71; 287,57;40,24; 1477530;19,46; 253; 313;-19,17
2020-10-25;DRS 14 São João da Boa Vista;  42,43; 126,57;33,52;  809836;15,63; 101; 112; -9,82
2020-10-25;DRS 15 São José do Rio Preto; 213,71; 412,43;51,82; 1570421;26,26; 418; 468;-10,68
2020-10-25;DRS 16 Sorocaba; 101,14; 229,86;44,00; 2461760; 9,34; 212; 204;  3,92
2020-10-25;DRS 17 Taubaté; 123,57; 387,71;31,87; 2489629;15,57; 266; 295; -9,83
2020-10-25;Estado de São Paulo;3097,43;7879,00;39,31;44639899;17,65;6634;6604;  0,45
2020-10-26;DRS 01 Grande São Paulo;1708,43;4292,71;39,80;21138247;20,31;3627;3498;  3,69
2020-10-26;DRS 02 Araçatuba;  52,43; 117,43;44,65;  764041;15,37; 117; 119; -1,68
2020-10-26;DRS 03 Araraquara;  33,71; 121,86;27,66;  991435;12,29; 169; 187; -9,63
2020-10-26;DRS 04 Baixada Santista; 134,71; 389,43;34,59; 1831884;21,26; 247; 205; 20,49
2020-10-26;DRS 05 Barretos;  40,29;  90,57;44,48;  425090;21,31;  86; 103;-16,50
2020-10-26;DRS 06 Bauru; 122,43; 228,43;53,60; 1741281;13,12; 242; 247; -2,02
2020-10-26;DRS 07 Campinas; 189,29; 554,29;34,15; 4562125;12,15; 375; 358;  4,75
2020-10-26;DRS 08 Franca;  43,86; 108,14;40,56;  696336;15,53;  83; 110;-24,55
2020-10-26;DRS 09 Marília;  63,00; 160,86;39,16; 1109670;14,50; 158; 141; 12,06
2020-10-26;DRS 10 Piracicaba;  54,71; 223,86;24,44; 1539600;14,54; 109; 126;-13,49
2020-10-26;DRS 11 Presidente Prudente;  29,29;  75,43;38,83;  752260;10,03; 102;  95;  7,37
2020-10-26;DRS 12 Registro;  11,14;  39,00;28,56;  278754;13,99;  38;  21; 80,95
2020-10-26;DRS 13 Ribeirão Preto; 112,57; 284,29;39,60; 1477530;19,24; 241; 314;-23,25
2020-10-26;DRS 14 São João da Boa Vista;  41,14; 125,71;32,73;  809836;15,52; 104; 113; -7,96
2020-10-26;DRS 15 São José do Rio Preto; 212,71; 408,14;52,12; 1570421;25,99; 417; 456; -8,55
2020-10-26;DRS 16 Sorocaba;  99,86; 230,14;43,39; 2461760; 9,35; 218; 210;  3,81
2020-10-26;DRS 17 Taubaté; 122,14; 386,57;31,60; 2489629;15,53; 274; 283; -3,18
2020-10-26;Estado de São Paulo;3071,71;7836,86;39,20;44639899;17,56;6607;6586;  0,32
2020-10-27;DRS 01 Grande São Paulo;1712,57;4280,86;40,01;21138247;20,25;3648;3498;  4,29
2020-10-27;DRS 02 Araçatuba;  50,86; 117,71;43,21;  764041;15,41; 103; 125;-17,60
2020-10-27;DRS 03 Araraquara;  34,14; 121,43;28,11;  991435;12,25; 184; 175;  5,14
2020-10-27;DRS 04 Baixada Santista; 135,71; 388,14;34,96; 1831884;21,19; 253; 194; 30,41
2020-10-27;DRS 05 Barretos;  38,71;  90,14;42,94;  425090;21,20;  81;  97;-16,49
2020-10-27;DRS 06 Bauru; 122,00; 228,43;53,41; 1741281;13,12; 239; 244; -2,05
2020-10-27;DRS 07 Campinas; 186,43; 550,00;33,90; 4562125;12,06; 379; 363;  4,41
2020-10-27;DRS 08 Franca;  43,29; 107,29;40,35;  696336;15,41;  88;  96; -8,33
2020-10-27;DRS 09 Marília;  63,86; 161,00;39,66; 1109670;14,51; 164; 137; 19,71
2020-10-27;DRS 10 Piracicaba;  53,86; 222,71;24,18; 1539600;14,47; 109; 126;-13,49
2020-10-27;DRS 11 Presidente Prudente;  28,71;  75,14;38,21;  752260; 9,99; 100; 103; -2,91
2020-10-27;DRS 12 Registro;  12,29;  39,00;31,51;  278754;13,99;  36;  24; 50,00
2020-10-27;DRS 13 Ribeirão Preto; 112,00; 281,43;39,80; 1477530;19,05; 236; 312;-24,36
2020-10-27;DRS 14 São João da Boa Vista;  39,86; 124,71;31,96;  809836;15,40; 110; 108;  1,85
2020-10-27;DRS 15 São José do Rio Preto; 210,57; 406,29;51,83; 1570421;25,87; 405; 464;-12,72
2020-10-27;DRS 16 Sorocaba;  99,14; 229,57;43,19; 2461760; 9,33; 214; 223; -4,04
2020-10-27;DRS 17 Taubaté; 122,29; 386,00;31,68; 2489629;15,50; 268; 281; -4,63
2020-10-27;Estado de São Paulo;3066,29;7809,86;39,26;44639899;17,50;6617;6570;  0,72
2020-10-28;DRS 01 Grande São Paulo;1717,00;4272,14;40,19;21138247;20,21;3724;3617;  2,96
2020-10-28;DRS 02 Araçatuba;  49,43; 117,29;42,14;  764041;15,35; 103; 120;-14,17
2020-10-28;DRS 03 Araraquara;  33,86; 121,00;27,98;  991435;12,20; 173; 186; -6,99
2020-10-28;DRS 04 Baixada Santista; 134,71; 383,14;35,16; 1831884;20,92; 260; 210; 23,81
2020-10-28;DRS 05 Barretos;  39,29;  88,57;44,36;  425090;20,84;  83; 101;-17,82
2020-10-28;DRS 06 Bauru; 120,71; 227,86;52,98; 1741281;13,09; 244; 257; -5,06
2020-10-28;DRS 07 Campinas; 182,86; 546,29;33,47; 4562125;11,97; 384; 354;  8,47
2020-10-28;DRS 08 Franca;  43,86; 105,86;41,43;  696336;15,20;  87;  92; -5,43
2020-10-28;DRS 09 Marília;  65,57; 161,14;40,69; 1109670;14,52; 160; 143; 11,89
2020-10-28;DRS 10 Piracicaba;  52,29; 218,57;23,92; 1539600;14,20; 100; 126;-20,63
2020-10-28;DRS 11 Presidente Prudente;  29,00;  75,14;38,59;  752260; 9,99; 111; 105;  5,71
2020-10-28;DRS 12 Registro;  13,14;  39,00;33,69;  278754;13,99;  37;  26; 42,31
2020-10-28;DRS 13 Ribeirão Preto; 109,14; 279,29;39,08; 1477530;18,90; 223; 301;-25,91
2020-10-28;DRS 14 São João da Boa Vista;  38,86; 123,71;31,41;  809836;15,28; 106; 113; -6,19
2020-10-28;DRS 15 São José do Rio Preto; 207,00; 405,43;51,06; 1570421;25,82; 388; 477;-18,66
2020-10-28;DRS 16 Sorocaba;  99,71; 229,71;43,41; 2461760; 9,33; 216; 211;  2,37
2020-10-28;DRS 17 Taubaté; 121,00; 384,71;31,45; 2489629;15,45; 272; 278; -2,16
2020-10-28;Estado de São Paulo;3057,43;7778,86;39,30;44639899;17,43;6671;6717; -0,68
2020-10-29;DRS 01 Grande São Paulo;1723,86;4262,57;40,44;21138247;20,17;3747;3635;  3,08
2020-10-29;DRS 02 Araçatuba;  48,86; 117,57;41,56;  764041;15,39; 103; 109; -5,50
2020-10-29;DRS 03 Araraquara;  34,00; 120,71;28,17;  991435;12,18; 190; 177;  7,34
2020-10-29;DRS 04 Baixada Santista; 136,86; 382,43;35,79; 1831884;20,88; 253; 225; 12,44
2020-10-29;DRS 05 Barretos;  38,29;  88,14;43,44;  425090;20,73;  81; 100;-19,00
2020-10-29;DRS 06 Bauru; 119,29; 227,57;52,42; 1741281;13,07; 253; 247;  2,43
2020-10-29;DRS 07 Campinas; 178,71; 543,43;32,89; 4562125;11,91; 375; 367;  2,18
2020-10-29;DRS 08 Franca;  43,00; 104,57;41,12;  696336;15,02;  87;  94; -7,45
2020-10-29;DRS 09 Marília;  66,29; 161,29;41,10; 1109670;14,53; 159; 148;  7,43
2020-10-29;DRS 10 Piracicaba;  50,43; 215,86;23,36; 1539600;14,02;  96; 126;-23,81
2020-10-29;DRS 11 Presidente Prudente;  29,43;  75,00;39,24;  752260; 9,97; 106;  99;  7,07
2020-10-29;DRS 12 Registro;  13,43;  39,00;34,44;  278754;13,99;  37;  29; 27,59
2020-10-29;DRS 13 Ribeirão Preto; 107,00; 277,71;38,53; 1477530;18,80; 214; 278;-23,02
2020-10-29;DRS 14 São João da Boa Vista;  37,86; 122,57;30,89;  809836;15,14; 112; 102;  9,80
2020-10-29;DRS 15 São José do Rio Preto; 203,86; 404,71;50,37; 1570421;25,77; 386; 449;-14,03
2020-10-29;DRS 16 Sorocaba; 100,57; 229,00;43,92; 2461760; 9,30; 207; 212; -2,36
2020-10-29;DRS 17 Taubaté; 121,86; 384,43;31,70; 2489629;15,44; 266; 268; -0,75
2020-10-29;Estado de São Paulo;3053,57;7756,57;39,37;44639899;17,38;6672;6665;  0,11
2020-10-30;DRS 01 Grande São Paulo;1722,57;4225,57;40,77;21138247;19,99;3807;3586;  6,16
2020-10-30;DRS 02 Araçatuba;  48,00; 117,43;40,88;  764041;15,37; 101; 109; -7,34
2020-10-30;DRS 03 Araraquara;  34,57; 119,71;28,88;  991435;12,07; 182; 183; -0,55
2020-10-30;DRS 04 Baixada Santista; 137,86; 381,71;36,12; 1831884;20,84; 268; 231; 16,02
2020-10-30;DRS 05 Barretos;  37,43;  87,71;42,67;  425090;20,63;  85;  91; -6,59
2020-10-30;DRS 06 Bauru; 118,43; 227,57;52,04; 1741281;13,07; 252; 242;  4,13
2020-10-30;DRS 07 Campinas; 175,14; 538,71;32,51; 4562125;11,81; 368; 376; -2,13
2020-10-30;DRS 08 Franca;  42,57; 103,29;41,21;  696336;14,83;  86;  88; -2,27
2020-10-30;DRS 09 Marília;  67,00; 161,43;41,50; 1109670;14,55; 150; 147;  2,04
2020-10-30;DRS 10 Piracicaba;  48,57; 212,00;22,91; 1539600;13,77;  97; 115;-15,65
2020-10-30;DRS 11 Presidente Prudente;  29,86;  74,29;40,19;  752260; 9,88; 111;  88; 26,14
2020-10-30;DRS 12 Registro;  13,29;  39,00;34,08;  278754;13,99;  34;  30; 13,33
2020-10-30;DRS 13 Ribeirão Preto; 103,86; 276,86;37,51; 1477530;18,74; 202; 272;-25,74
2020-10-30;DRS 14 São João da Boa Vista;  37,43; 121,29;30,86;  809836;14,98; 107;  99;  8,08
2020-10-30;DRS 15 São José do Rio Preto; 200,71; 403,71;49,72; 1570421;25,71; 378; 442;-14,48
2020-10-30;DRS 16 Sorocaba; 100,57; 228,86;43,94; 2461760; 9,30; 214; 206;  3,88
2020-10-30;DRS 17 Taubaté; 122,57; 384,86;31,85; 2489629;15,46; 268; 270; -0,74
2020-10-30;Estado de São Paulo;3040,43;7704,00;39,47;44639899;17,26;6710;6575;  2,05
2020-10-31;DRS 01 Grande São Paulo;1727,57;4194,43;41,19;21138247;19,84;3819;3613;  5,70
2020-10-31;DRS 02 Araçatuba;  46,71; 117,43;39,78;  764041;15,37; 101; 105; -3,81
2020-10-31;DRS 03 Araraquara;  34,43; 118,71;29,00;  991435;11,97; 203; 182; 11,54
2020-10-31;DRS 04 Baixada Santista; 138,29; 381,14;36,28; 1831884;20,81; 269; 235; 14,47
2020-10-31;DRS 05 Barretos;  36,86;  88,00;41,89;  425090;20,70;  82;  90; -8,89
2020-10-31;DRS 06 Bauru; 116,43; 227,29;51,23; 1741281;13,05; 262; 235; 11,49
2020-10-31;DRS 07 Campinas; 173,14; 535,00;32,36; 4562125;11,73; 356; 389; -8,48
2020-10-31;DRS 08 Franca;  41,57; 102,71;40,47;  696336;14,75;  90;  88;  2,27
2020-10-31;DRS 09 Marília;  66,86; 161,43;41,42; 1109670;14,55; 148; 147;  0,68
2020-10-31;DRS 10 Piracicaba;  47,00; 209,00;22,49; 1539600;13,57;  95; 105; -9,52
2020-10-31;DRS 11 Presidente Prudente;  30,43;  73,43;41,44;  752260; 9,76; 104;  95;  9,47
2020-10-31;DRS 12 Registro;  12,71;  39,00;32,59;  278754;13,99;  36;  35;  2,86
2020-10-31;DRS 13 Ribeirão Preto; 101,00; 276,57;36,52; 1477530;18,72; 204; 259;-21,24
2020-10-31;DRS 14 São João da Boa Vista;  37,14; 120,71;30,77;  809836;14,91; 113;  98; 15,31
2020-10-31;DRS 15 São José do Rio Preto; 195,43; 401,43;48,68; 1570421;25,56; 366; 429;-14,69
2020-10-31;DRS 16 Sorocaba; 100,86; 228,57;44,13; 2461760; 9,28; 219; 212;  3,30
2020-10-31;DRS 17 Taubaté; 123,71; 385,14;32,12; 2489629;15,47; 262; 263; -0,38
2020-10-31;Estado de São Paulo;3030,14;7660,00;39,56;44639899;17,16;6729;6580;  2,26
2020-11-01;DRS 01 Grande São Paulo;1728,43;4174,57;41,40;21138247;19,75;3817;3627;  5,24
2020-11-01;DRS 02 Araçatuba;  46,14; 117,43;39,29;  764041;15,37;  89; 119;-25,21
2020-11-01;DRS 03 Araraquara;  34,14; 118,14;28,90;  991435;11,92; 195; 181;  7,73
2020-11-01;DRS 04 Baixada Santista; 137,43; 379,57;36,21; 1831884;20,72; 270; 237; 13,92
2020-11-01;DRS 05 Barretos;  36,00;  88,00;40,91;  425090;20,70;  76;  91;-16,48
2020-11-01;DRS 06 Bauru; 114,86; 227,57;50,47; 1741281;13,07; 251; 246;  2,03
2020-11-01;DRS 07 Campinas; 169,86; 531,86;31,94; 4562125;11,66; 364; 386; -5,70
2020-11-01;DRS 08 Franca;  40,29; 102,00;39,50;  696336;14,65;  77;  91;-15,38
2020-11-01;DRS 09 Marília;  63,86; 162,00;39,42; 1109670;14,60; 135; 153;-11,76
2020-11-01;DRS 10 Piracicaba;  44,29; 204,43;21,67; 1539600;13,28;  76; 114;-33,33
2020-11-01;DRS 11 Presidente Prudente;  30,43;  72,43;42,01;  752260; 9,63;  97; 101; -3,96
2020-11-01;DRS 12 Registro;  11,71;  39,00;30,03;  278754;13,99;  34;  38;-10,53
2020-11-01;DRS 13 Ribeirão Preto;  98,00; 277,29;35,34; 1477530;18,77; 196; 253;-22,53
2020-11-01;DRS 14 São João da Boa Vista;  36,71; 119,14;30,81;  809836;14,71; 111; 101;  9,90
2020-11-01;DRS 15 São José do Rio Preto; 189,86; 399,14;47,57; 1570421;25,42; 340; 418;-18,66
2020-11-01;DRS 16 Sorocaba; 103,00; 228,14;45,15; 2461760; 9,27; 230; 212;  8,49
2020-11-01;DRS 17 Taubaté; 123,57; 385,29;32,07; 2489629;15,48; 268; 266;  0,75
2020-11-01;Estado de São Paulo;3008,57;7626,00;39,45;44639899;17,08;6626;6634; -0,12
2020-11-02;DRS 01 Grande São Paulo;1735,29;4147,71;41,84;21138247;19,62;3773;3627;  4,03
2020-11-02;DRS 02 Araçatuba;  45,86; 117,57;39,01;  764041;15,39;  85; 117;-27,35
2020-11-02;DRS 03 Araraquara;  35,00; 117,71;29,73;  991435;11,87; 198; 169; 17,16
2020-11-02;DRS 04 Baixada Santista; 138,00; 378,00;36,51; 1831884;20,63; 267; 247;  8,10
2020-11-02;DRS 05 Barretos;  35,86;  88,00;40,75;  425090;20,70;  74;  86;-13,95
2020-11-02;DRS 06 Bauru; 112,86; 229,29;49,22; 1741281;13,17; 245; 242;  1,24
2020-11-02;DRS 07 Campinas; 167,43; 523,00;32,01; 4562125;11,46; 361; 375; -3,73
2020-11-02;DRS 08 Franca;  37,29; 101,29;36,82;  696336;14,55;  73;  83;-12,05
2020-11-02;DRS 09 Marília;  61,00; 162,00;37,65; 1109670;14,60; 126; 158;-20,25
2020-11-02;DRS 10 Piracicaba;  42,43; 202,86;20,92; 1539600;13,18;  78; 109;-28,44
2020-11-02;DRS 11 Presidente Prudente;  30,29;  71,43;42,41;  752260; 9,50;  95; 102; -6,86
2020-11-02;DRS 12 Registro;  10,86;  39,00;27,85;  278754;13,99;  33;  38;-13,16
2020-11-02;DRS 13 Ribeirão Preto;  94,14; 277,00;33,99; 1477530;18,75; 190; 241;-21,16
2020-11-02;DRS 14 São João da Boa Vista;  36,71; 117,43;31,26;  809836;14,50; 109; 104;  4,81
2020-11-02;DRS 15 São José do Rio Preto; 184,43; 395,43;46,64; 1570421;25,18; 341; 417;-18,23
2020-11-02;DRS 16 Sorocaba; 104,00; 225,71;46,08; 2461760; 9,17; 219; 218;  0,46
2020-11-02;DRS 17 Taubaté; 123,29; 386,86;31,87; 2489629;15,54; 274; 274;  0,00
2020-11-02;Estado de São Paulo;2994,71;7580,29;39,51;44639899;16,98;6541;6607; -1,00
2020-11-03;DRS 01 Grande São Paulo;1735,00;4119,14;42,12;21138247;19,49;3764;3648;  3,18
2020-11-03;DRS 02 Araçatuba;  46,00; 118,00;38,98;  764041;15,44;  89; 103;-13,59
2020-11-03;DRS 03 Araraquara;  35,71; 117,29;30,45;  991435;11,83; 183; 184; -0,54
2020-11-03;DRS 04 Baixada Santista; 138,57; 375,86;36,87; 1831884;20,52; 269; 253;  6,32
2020-11-03;DRS 05 Barretos;  35,29;  88,00;40,10;  425090;20,70;  75;  81; -7,41
2020-11-03;DRS 06 Bauru; 109,57; 230,00;47,64; 1741281;13,21; 233; 239; -2,51
2020-11-03;DRS 07 Campinas; 166,57; 516,57;32,25; 4562125;11,32; 339; 379;-10,55
2020-11-03;DRS 08 Franca;  35,14; 100,71;34,89;  696336;14,46;  67;  88;-23,86
2020-11-03;DRS 09 Marília;  58,71; 162,00;36,24; 1109670;14,60; 125; 164;-23,78
2020-11-03;DRS 10 Piracicaba;  41,43; 196,29;21,11; 1539600;12,75;  78; 109;-28,44
2020-11-03;DRS 11 Presidente Prudente;  30,57;  70,57;43,32;  752260; 9,38;  88; 100;-12,00
2020-11-03;DRS 12 Registro;   9,86;  39,00;25,28;  278754;13,99;  33;  36; -8,33
2020-11-03;DRS 13 Ribeirão Preto;  89,14; 276,86;32,20; 1477530;18,74; 170; 236;-27,97
2020-11-03;DRS 14 São João da Boa Vista;  37,00; 115,86;31,94;  809836;14,31; 100; 110; -9,09
2020-11-03;DRS 15 São José do Rio Preto; 180,14; 391,43;46,02; 1570421;24,93; 328; 405;-19,01
2020-11-03;DRS 16 Sorocaba; 103,14; 224,14;46,02; 2461760; 9,10; 209; 214; -2,34
2020-11-03;DRS 17 Taubaté; 123,43; 387,57;31,85; 2489629;15,57; 280; 268;  4,48
2020-11-03;Estado de São Paulo;2975,29;7529,29;39,52;44639899;16,87;6430;6617; -2,83
2020-11-04;DRS 01 Grande São Paulo;1738,57;4086,86;42,54;21138247;19,33;3612;3724; -3,01
2020-11-04;DRS 02 Araçatuba;  46,57; 118,57;39,28;  764041;15,52;  85; 103;-17,48
2020-11-04;DRS 03 Araraquara;  36,71; 116,86;31,41;  991435;11,79; 174; 173;  0,58
2020-11-04;DRS 04 Baixada Santista; 140,29; 379,29;36,99; 1831884;20,70; 261; 260;  0,38
2020-11-04;DRS 05 Barretos;  33,14;  88,00;37,66;  425090;20,70;  66;  83;-20,48
2020-11-04;DRS 06 Bauru; 108,14; 230,43;46,93; 1741281;13,23; 204; 244;-16,39
2020-11-04;DRS 07 Campinas; 167,43; 513,14;32,63; 4562125;11,25; 350; 384; -8,85
2020-11-04;DRS 08 Franca;  32,71; 101,29;32,29;  696336;14,55;  60;  87;-31,03
2020-11-04;DRS 09 Marília;  56,14; 161,86;34,68; 1109670;14,59; 119; 160;-25,63
2020-11-04;DRS 10 Piracicaba;  40,71; 191,14;21,30; 1539600;12,41;  78; 100;-22,00
2020-11-04;DRS 11 Presidente Prudente;  30,14;  70,00;43,06;  752260; 9,31;  76; 111;-31,53
2020-11-04;DRS 12 Registro;   8,71;  39,00;22,33;  278754;13,99;  34;  37; -8,11
2020-11-04;DRS 13 Ribeirão Preto;  86,14; 275,86;31,23; 1477530;18,67; 178; 223;-20,18
2020-11-04;DRS 14 São João da Boa Vista;  36,71; 114,29;32,12;  809836;14,11; 100; 106; -5,66
2020-11-04;DRS 15 São José do Rio Preto; 177,14; 387,86;45,67; 1570421;24,70; 321; 388;-17,27
2020-11-04;DRS 16 Sorocaba; 101,14; 221,86;45,59; 2461760; 9,01; 203; 216; -6,02
2020-11-04;DRS 17 Taubaté; 124,71; 387,57;32,18; 2489629;15,57; 270; 272; -0,74
2020-11-04;Estado de São Paulo;2965,14;7483,86;39,62;44639899;16,76;6191;6671; -7,20
2020-11-05;DRS 01 Grande São Paulo;1745,86;4060,86;42,99;21138247;19,21;3557;3747; -5,07
2020-11-05;DRS 02 Araçatuba;  46,43; 118,71;39,11;  764041;15,54;  77; 103;-25,24
2020-11-05;DRS 03 Araraquara;  38,29; 116,43;32,89;  991435;11,74; 157; 190;-17,37
2020-11-05;DRS 04 Baixada Santista; 139,29; 378,29;36,82; 1831884;20,65; 260; 253;  2,77
2020-11-05;DRS 05 Barretos;  31,86;  88,71;35,91;  425090;20,87;  57;  81;-29,63
2020-11-05;DRS 06 Bauru; 107,43; 230,43;46,62; 1741281;13,23; 202; 253;-20,16
2020-11-05;DRS 07 Campinas; 168,00; 509,71;32,96; 4562125;11,17; 336; 375;-10,40
2020-11-05;DRS 08 Franca;  31,14; 102,14;30,49;  696336;14,67;  58;  87;-33,33
2020-11-05;DRS 09 Marília;  54,14; 161,71;33,48; 1109670;14,57; 109; 159;-31,45
2020-11-05;DRS 10 Piracicaba;  39,86; 185,71;21,46; 1539600;12,06;  86;  96;-10,42
2020-11-05;DRS 11 Presidente Prudente;  29,43;  69,29;42,47;  752260; 9,21;  79; 106;-25,47
2020-11-05;DRS 12 Registro;   8,29;  39,00;21,26;  278754;13,99;  34;  37; -8,11
2020-11-05;DRS 13 Ribeirão Preto;  83,71; 275,71;30,36; 1477530;18,66; 177; 214;-17,29
2020-11-05;DRS 14 São João da Boa Vista;  36,14; 112,71;32,06;  809836;13,92;  99; 112;-11,61
2020-11-05;DRS 15 São José do Rio Preto; 172,43; 384,43;44,85; 1570421;24,48; 329; 386;-14,77
2020-11-05;DRS 16 Sorocaba;  99,57; 219,00;45,47; 2461760; 8,90; 216; 207;  4,35
2020-11-05;DRS 17 Taubaté; 124,14; 388,29;31,97; 2489629;15,60; 282; 266;  6,02
2020-11-05;Estado de São Paulo;2956,00;7441,14;39,73;44639899;16,67;6115;6672; -8,35
2020-11-06;DRS 01 Grande São Paulo;1768,14;4076,71;43,37;21138247;19,29;3490;3807; -8,33
2020-11-06;DRS 02 Araçatuba;  46,29; 119,00;38,90;  764041;15,58;  72; 101;-28,71
2020-11-06;DRS 03 Araraquara;  39,86; 116,71;34,15;  991435;11,77; 144; 182;-20,88
2020-11-06;DRS 04 Baixada Santista; 138,57; 375,71;36,88; 1831884;20,51; 258; 268; -3,73
2020-11-06;DRS 05 Barretos;  31,43;  88,71;35,43;  425090;20,87;  51;  85;-40,00
2020-11-06;DRS 06 Bauru; 107,00; 229,71;46,58; 1741281;13,19; 201; 252;-20,24
2020-11-06;DRS 07 Campinas; 171,14; 509,57;33,59; 4562125;11,17; 325; 368;-11,68
2020-11-06;DRS 08 Franca;  30,14; 102,14;29,51;  696336;14,67;  58;  86;-32,56
2020-11-06;DRS 09 Marília;  52,57; 161,57;32,54; 1109670;14,56; 118; 150;-21,33
2020-11-06;DRS 10 Piracicaba;  39,71; 181,57;21,87; 1539600;11,79;  87;  97;-10,31
2020-11-06;DRS 11 Presidente Prudente;  28,57;  69,14;41,32;  752260; 9,19;  78; 111;-29,73
2020-11-06;DRS 12 Registro;   8,43;  39,00;21,62;  278754;13,99;  40;  34; 17,65
2020-11-06;DRS 13 Ribeirão Preto;  83,43; 276,29;30,20; 1477530;18,70; 171; 202;-15,35
2020-11-06;DRS 14 São João da Boa Vista;  36,00; 111,29;32,35;  809836;13,74;  93; 107;-13,08
2020-11-06;DRS 15 São José do Rio Preto; 167,86; 379,86;44,19; 1570421;24,19; 316; 378;-16,40
2020-11-06;DRS 16 Sorocaba;  99,14; 217,14;45,66; 2461760; 8,82; 212; 214; -0,93
2020-11-06;DRS 17 Taubaté; 122,29; 388,43;31,48; 2489629;15,60; 270; 268;  0,75
2020-11-06;Estado de São Paulo;2970,57;7442,57;39,91;44639899;16,67;5984;6710;-10,82
2020-11-07;DRS 01 Grande São Paulo;1783,86;4070,00;43,83;21138247;19,25;3511;3819; -8,06
2020-11-07;DRS 02 Araçatuba;  46,71; 119,57;39,06;  764041;15,65;  71; 101;-29,70
2020-11-07;DRS 03 Araraquara;  41,14; 117,43;35,03;  991435;11,84; 126; 203;-37,93
2020-11-07;DRS 04 Baixada Santista; 139,71; 374,86;37,27; 1831884;20,46; 260; 269; -3,35
2020-11-07;DRS 05 Barretos;  30,00;  88,71;33,82;  425090;20,87;  45;  82;-45,12
2020-11-07;DRS 06 Bauru; 105,57; 229,14;46,07; 1741281;13,16; 198; 262;-24,43
2020-11-07;DRS 07 Campinas; 171,57; 508,86;33,72; 4562125;11,15; 334; 356; -6,18
2020-11-07;DRS 08 Franca;  28,86; 102,14;28,26;  696336;14,67;  47;  90;-47,78
2020-11-07;DRS 09 Marília;  53,00; 161,43;32,83; 1109670;14,55; 124; 148;-16,22
2020-11-07;DRS 10 Piracicaba;  40,57; 176,14;23,03; 1539600;11,44;  90;  95; -5,26
2020-11-07;DRS 11 Presidente Prudente;  28,14;  69,29;40,61;  752260; 9,21;  81; 104;-22,12
2020-11-07;DRS 12 Registro;   9,00;  39,00;23,08;  278754;13,99;  35;  36; -2,78
2020-11-07;DRS 13 Ribeirão Preto;  81,57; 276,86;29,46; 1477530;18,74; 165; 204;-19,12
2020-11-07;DRS 14 São João da Boa Vista;  35,14; 110,00;31,95;  809836;13,58;  81; 113;-28,32
2020-11-07;DRS 15 São José do Rio Preto; 165,14; 377,29;43,77; 1570421;24,02; 304; 366;-16,94
2020-11-07;DRS 16 Sorocaba; 100,86; 215,43;46,82; 2461760; 8,75; 226; 219;  3,20
2020-11-07;DRS 17 Taubaté; 120,86; 388,43;31,12; 2489629;15,60; 278; 262;  6,11
2020-11-07;Estado de São Paulo;2981,71;7424,57;40,16;44639899;16,63;5976;6729;-11,19
2020-11-08;DRS 01 Grande São Paulo;1783,14;4062,71;43,89;21138247;19,22;3544;3817; -7,15
2020-11-08;DRS 02 Araçatuba;  46,86; 120,29;38,96;  764041;15,74;  80;  89;-10,11
2020-11-08;DRS 03 Araraquara;  42,43; 118,00;35,96;  991435;11,90; 128; 195;-34,36
2020-11-08;DRS 04 Baixada Santista; 141,43; 375,00;37,71; 1831884;20,47; 282; 270;  4,44
2020-11-08;DRS 05 Barretos;  29,86;  88,71;33,66;  425090;20,87;  48;  76;-36,84
2020-11-08;DRS 06 Bauru; 104,29; 227,29;45,88; 1741281;13,05; 199; 251;-20,72
2020-11-08;DRS 07 Campinas; 175,57; 509,71;34,45; 4562125;11,17; 333; 364; -8,52
2020-11-08;DRS 08 Franca;  27,57; 102,29;26,95;  696336;14,69;  50;  77;-35,06
2020-11-08;DRS 09 Marília;  54,57; 161,29;33,83; 1109670;14,53; 121; 135;-10,37
2020-11-08;DRS 10 Piracicaba;  42,29; 172,14;24,57; 1539600;11,18;  94;  76; 23,68
2020-11-08;DRS 11 Presidente Prudente;  27,29;  69,57;39,23;  752260; 9,25;  92;  97; -5,15
2020-11-08;DRS 12 Registro;  10,14;  39,00;26,00;  278754;13,99;  38;  34; 11,76
2020-11-08;DRS 13 Ribeirão Preto;  80,00; 275,71;29,02; 1477530;18,66; 159; 196;-18,88
2020-11-08;DRS 14 São João da Boa Vista;  34,00; 109,86;30,95;  809836;13,57;  76; 111;-31,53
2020-11-08;DRS 15 São José do Rio Preto; 162,57; 374,57;43,40; 1570421;23,85; 306; 340;-10,00
2020-11-08;DRS 16 Sorocaba; 100,86; 213,71;47,19; 2461760; 8,68; 241; 230;  4,78
2020-11-08;DRS 17 Taubaté; 119,71; 387,14;30,92; 2489629;15,55; 271; 268;  1,12
2020-11-08;Estado de São Paulo;2982,57;7407,00;40,27;44639899;16,59;6062;6626; -8,51
2020-11-09;DRS 01 Grande São Paulo;1798,29;4067,71;44,21;21138247;19,24;3619;3773; -4,08
2020-11-09;DRS 02 Araçatuba;  46,43; 120,71;38,46;  764041;15,80;  78;  85; -8,24
2020-11-09;DRS 03 Araraquara;  43,00; 118,57;36,27;  991435;11,96; 120; 198;-39,39
2020-11-09;DRS 04 Baixada Santista; 142,00; 375,00;37,87; 1831884;20,47; 274; 267;  2,62
2020-11-09;DRS 05 Barretos;  28,86;  88,71;32,53;  425090;20,87;  47;  74;-36,49
2020-11-09;DRS 06 Bauru; 105,00; 224,86;46,70; 1741281;12,91; 209; 245;-14,69
2020-11-09;DRS 07 Campinas; 178,57; 513,43;34,78; 4562125;11,25; 348; 361; -3,60
2020-11-09;DRS 08 Franca;  27,86; 102,43;27,20;  696336;14,71;  49;  73;-32,88
2020-11-09;DRS 09 Marília;  56,14; 160,29;35,02; 1109670;14,44; 126; 126;  0,00
2020-11-09;DRS 10 Piracicaba;  44,43; 168,14;26,42; 1539600;10,92;  99;  78; 26,92
2020-11-09;DRS 11 Presidente Prudente;  27,00;  70,00;38,57;  752260; 9,31;  90;  95; -5,26
2020-11-09;DRS 12 Registro;  11,43;  39,00;29,31;  278754;13,99;  41;  33; 24,24
2020-11-09;DRS 13 Ribeirão Preto;  79,86; 275,43;28,99; 1477530;18,64; 163; 190;-14,21
2020-11-09;DRS 14 São João da Boa Vista;  33,57; 111,14;30,21;  809836;13,72;  68; 109;-37,61
2020-11-09;DRS 15 São José do Rio Preto; 159,71; 373,29;42,78; 1570421;23,77; 303; 341;-11,14
2020-11-09;DRS 16 Sorocaba; 102,57; 213,14;48,12; 2461760; 8,66; 243; 219; 10,96
2020-11-09;DRS 17 Taubaté; 119,86; 386,14;31,04; 2489629;15,51; 266; 274; -2,92
2020-11-09;Estado de São Paulo;3004,57;7408,00;40,56;44639899;16,60;6143;6541; -6,08
2020-11-10;DRS 01 Grande São Paulo;1814,14;4062,86;44,65;21138247;19,22;3740;3764; -0,64
2020-11-10;DRS 02 Araçatuba;  46,29; 120,57;38,39;  764041;15,78;  78;  89;-12,36
2020-11-10;DRS 03 Araraquara;  43,43; 119,86;36,23;  991435;12,09; 122; 183;-33,33
2020-11-10;DRS 04 Baixada Santista; 145,29; 375,43;38,70; 1831884;20,49; 277; 269;  2,97
2020-11-10;DRS 05 Barretos;  27,86;  88,71;31,41;  425090;20,87;  49;  75;-34,67
2020-11-10;DRS 06 Bauru; 106,00; 223,57;47,41; 1741281;12,84; 214; 233; -8,15
2020-11-10;DRS 07 Campinas; 180,71; 516,71;34,97; 4562125;11,33; 361; 339;  6,49
2020-11-10;DRS 08 Franca;  28,29; 102,43;27,62;  696336;14,71;  53;  67;-20,90
2020-11-10;DRS 09 Marília;  57,71; 159,29;36,23; 1109670;14,35; 129; 125;  3,20
2020-11-10;DRS 10 Piracicaba;  45,86; 167,71;27,34; 1539600;10,89;  94;  78; 20,51
2020-11-10;DRS 11 Presidente Prudente;  26,57;  70,14;37,88;  752260; 9,32;  89;  88;  1,14
2020-11-10;DRS 12 Registro;  12,57;  39,00;32,23;  278754;13,99;  47;  33; 42,42
2020-11-10;DRS 13 Ribeirão Preto;  81,43; 274,71;29,64; 1477530;18,59; 181; 170;  6,47
2020-11-10;DRS 14 São João da Boa Vista;  33,29; 111,14;29,95;  809836;13,72;  72; 100;-28,00
2020-11-10;DRS 15 São José do Rio Preto; 154,86; 371,43;41,69; 1570421;23,65; 298; 328; -9,15
2020-11-10;DRS 16 Sorocaba; 105,00; 212,57;49,40; 2461760; 8,63; 249; 209; 19,14
2020-11-10;DRS 17 Taubaté; 120,29; 384,57;31,28; 2489629;15,45; 271; 280; -3,21
2020-11-10;Estado de São Paulo;3029,57;7400,71;40,94;44639899;16,58;6324;6430; -1,65
2020-11-11;DRS 01 Grande São Paulo;1826,86;4063,57;44,96;21138247;19,22;3919;3612;  8,50
2020-11-11;DRS 02 Araçatuba;  45,86; 120,29;38,12;  764041;15,74;  79;  85; -7,06
2020-11-11;DRS 03 Araraquara;  43,43; 121,00;35,89;  991435;12,20; 133; 174;-23,56
2020-11-11;DRS 04 Baixada Santista; 148,57; 376,00;39,51; 1831884;20,53; 274; 261;  4,98
2020-11-11;DRS 05 Barretos;  27,29;  88,71;30,76;  425090;20,87;  50;  66;-24,24
2020-11-11;DRS 06 Bauru; 106,43; 222,57;47,82; 1741281;12,78; 220; 204;  7,84
2020-11-11;DRS 07 Campinas; 182,43; 514,14;35,48; 4562125;11,27; 353; 350;  0,86
2020-11-11;DRS 08 Franca;  28,43; 101,86;27,91;  696336;14,63;  55;  60; -8,33
2020-11-11;DRS 09 Marília;  58,86; 158,43;37,15; 1109670;14,28; 139; 119; 16,81
2020-11-11;DRS 10 Piracicaba;  47,00; 167,29;28,09; 1539600;10,87; 105;  78; 34,62
2020-11-11;DRS 11 Presidente Prudente;  25,86;  69,29;37,32;  752260; 9,21;  89;  76; 17,11
2020-11-11;DRS 12 Registro;  14,00;  39,00;35,90;  278754;13,99;  43;  34; 26,47
2020-11-11;DRS 13 Ribeirão Preto;  79,86; 273,71;29,18; 1477530;18,52; 181; 178;  1,69
2020-11-11;DRS 14 São João da Boa Vista;  32,71; 111,14;29,43;  809836;13,72;  84; 100;-16,00
2020-11-11;DRS 15 São José do Rio Preto; 150,57; 369,43;40,76; 1570421;23,52; 308; 321; -4,05
2020-11-11;DRS 16 Sorocaba; 107,14; 212,86;50,33; 2461760; 8,65; 265; 203; 30,54
2020-11-11;DRS 17 Taubaté; 121,00; 383,71;31,53; 2489629;15,41; 290; 270;  7,41
2020-11-11;Estado de São Paulo;3046,29;7393,00;41,21;44639899;16,56;6587;6191;  6,40
2020-11-12;DRS 01 Grande São Paulo;1841,29;4066,00;45,29;21138247;19,24;4052;3557; 13,92
2020-11-12;DRS 02 Araçatuba;  44,86; 120,29;37,29;  764041;15,74;  80;  77;  3,90
2020-11-12;DRS 03 Araraquara;  42,14; 122,14;34,50;  991435;12,32; 127; 157;-19,11
2020-11-12;DRS 04 Baixada Santista; 152,86; 377,29;40,52; 1831884;20,60; 292; 260; 12,31
2020-11-12;DRS 05 Barretos;  26,71;  88,00;30,35;  425090;20,70;  51;  57;-10,53
2020-11-12;DRS 06 Bauru; 106,14; 221,86;47,84; 1741281;12,74; 223; 202; 10,40
2020-11-12;DRS 07 Campinas; 182,43; 512,57;35,59; 4562125;11,24; 367; 336;  9,23
2020-11-12;DRS 08 Franca;  28,43; 101,00;28,15;  696336;14,50;  56;  58; -3,45
2020-11-12;DRS 09 Marília;  60,14; 157,57;38,17; 1109670;14,20; 150; 109; 37,61
2020-11-12;DRS 10 Piracicaba;  47,71; 167,71;28,45; 1539600;10,89;  97;  86; 12,79
2020-11-12;DRS 11 Presidente Prudente;  26,00;  68,71;37,84;  752260; 9,13;  86;  79;  8,86
2020-11-12;DRS 12 Registro;  14,71;  39,00;37,72;  278754;13,99;  42;  34; 23,53
2020-11-12;DRS 13 Ribeirão Preto;  78,71; 272,71;28,86; 1477530;18,46; 184; 177;  3,95
2020-11-12;DRS 14 São João da Boa Vista;  31,57; 111,14;28,41;  809836;13,72;  82;  99;-17,17
2020-11-12;DRS 15 São José do Rio Preto; 147,43; 367,29;40,14; 1570421;23,39; 294; 329;-10,64
2020-11-12;DRS 16 Sorocaba; 108,57; 213,29;50,90; 2461760; 8,66; 276; 216; 27,78
2020-11-12;DRS 17 Taubaté; 120,29; 382,86;31,42; 2489629;15,38; 286; 282;  1,42
2020-11-12;Estado de São Paulo;3060,00;7389,43;41,41;44639899;16,55;6745;6115; 10,30
2020-11-13;DRS 01 Grande São Paulo;1856,43;4056,43;45,77;21138247;19,19;4168;3490; 19,43
2020-11-13;DRS 02 Araçatuba;  44,57; 120,57;36,97;  764041;15,78;  91;  72; 26,39
2020-11-13;DRS 03 Araraquara;  40,71; 123,29;33,02;  991435;12,44; 135; 144; -6,25
2020-11-13;DRS 04 Baixada Santista; 158,86; 380,71;41,73; 1831884;20,78; 303; 258; 17,44
2020-11-13;DRS 05 Barretos;  25,57;  88,00;29,06;  425090;20,70;  47;  51; -7,84
2020-11-13;DRS 06 Bauru; 103,57; 221,57;46,74; 1741281;12,72; 222; 201; 10,45
2020-11-13;DRS 07 Campinas; 180,14; 511,57;35,21; 4562125;11,21; 389; 325; 19,69
2020-11-13;DRS 08 Franca;  27,86; 101,00;27,58;  696336;14,50;  52;  58;-10,34
2020-11-13;DRS 09 Marília;  61,29; 156,71;39,11; 1109670;14,12; 146; 118; 23,73
2020-11-13;DRS 10 Piracicaba;  47,43; 167,86;28,26; 1539600;10,90;  96;  87; 10,34
2020-11-13;DRS 11 Presidente Prudente;  26,29;  68,14;38,58;  752260; 9,06;  88;  78; 12,82
2020-11-13;DRS 12 Registro;  15,43;  39,00;39,56;  278754;13,99;  40;  40;  0,00
2020-11-13;DRS 13 Ribeirão Preto;  77,43; 269,86;28,69; 1477530;18,26; 196; 171; 14,62
2020-11-13;DRS 14 São João da Boa Vista;  30,43; 111,43;27,31;  809836;13,76;  92;  93; -1,08
2020-11-13;DRS 15 São José do Rio Preto; 145,00; 366,00;39,62; 1570421;23,31; 297; 316; -6,01
2020-11-13;DRS 16 Sorocaba; 109,71; 213,57;51,37; 2461760; 8,68; 290; 212; 36,79
2020-11-13;DRS 17 Taubaté; 121,71; 382,43;31,83; 2489629;15,36; 300; 270; 11,11
2020-11-13;Estado de São Paulo;3072,43;7378,14;41,64;44639899;16,53;6952;5984; 16,18
2020-11-14;DRS 01 Grande São Paulo;1879,00;4059,29;46,29;21138247;19,20;4249;3511; 21,02
2020-11-14;DRS 02 Araçatuba;  45,14; 120,57;37,44;  764041;15,78;  88;  71; 23,94
2020-11-14;DRS 03 Araraquara;  40,29; 123,86;32,53;  991435;12,49; 130; 126;  3,17
2020-11-14;DRS 04 Baixada Santista; 162,43; 382,29;42,49; 1831884;20,87; 298; 260; 14,62
2020-11-14;DRS 05 Barretos;  24,57;  88,00;27,92;  425090;20,70;  46;  45;  2,22
2020-11-14;DRS 06 Bauru; 102,00; 220,71;46,21; 1741281;12,68; 223; 198; 12,63
2020-11-14;DRS 07 Campinas; 178,29; 510,57;34,92; 4562125;11,19; 399; 334; 19,46
2020-11-14;DRS 08 Franca;  28,00; 101,00;27,72;  696336;14,50;  54;  47; 14,89
2020-11-14;DRS 09 Marília;  61,43; 155,86;39,41; 1109670;14,05; 145; 124; 16,94
2020-11-14;DRS 10 Piracicaba;  47,29; 168,29;28,10; 1539600;10,93; 102;  90; 13,33
2020-11-14;DRS 11 Presidente Prudente;  25,71;  67,57;38,05;  752260; 8,98;  84;  81;  3,70
2020-11-14;DRS 12 Registro;  16,43;  39,00;42,13;  278754;13,99;  44;  35; 25,71
2020-11-14;DRS 13 Ribeirão Preto;  77,14; 266,86;28,91; 1477530;18,06; 205; 165; 24,24
2020-11-14;DRS 14 São João da Boa Vista;  30,29; 111,71;27,11;  809836;13,79;  99;  81; 22,22
2020-11-14;DRS 15 São José do Rio Preto; 142,14; 364,71;38,97; 1570421;23,22; 293; 304; -3,62
2020-11-14;DRS 16 Sorocaba; 108,86; 214,14;50,84; 2461760; 8,70; 278; 226; 23,01
2020-11-14;DRS 17 Taubaté; 122,43; 381,57;32,09; 2489629;15,33; 307; 278; 10,43
2020-11-14;Estado de São Paulo;3091,43;7376,00;41,91;44639899;16,52;7044;5976; 17,87
2020-11-15;DRS 01 Grande São Paulo;1919,00;4051,43;47,37;21138247;19,17;4353;3544; 22,83
2020-11-15;DRS 02 Araçatuba;  44,71; 120,57;37,08;  764041;15,78;  86;  80;  7,50
2020-11-15;DRS 03 Araraquara;  39,71; 124,29;31,95;  991435;12,54; 131; 128;  2,34
2020-11-15;DRS 04 Baixada Santista; 166,29; 383,71;43,34; 1831884;20,95; 286; 282;  1,42
2020-11-15;DRS 05 Barretos;  23,14;  88,00;26,30;  425090;20,70;  43;  48;-10,42
2020-11-15;DRS 06 Bauru; 100,43; 219,86;45,68; 1741281;12,63; 231; 199; 16,08
2020-11-15;DRS 07 Campinas; 174,00; 507,43;34,29; 4562125;11,12; 418; 333; 25,53
2020-11-15;DRS 08 Franca;  28,71; 101,00;28,43;  696336;14,50;  57;  50; 14,00
2020-11-15;DRS 09 Marília;  62,00; 155,29;39,93; 1109670;13,99; 159; 121; 31,40
2020-11-15;DRS 10 Piracicaba;  46,43; 168,71;27,52; 1539600;10,96; 109;  94; 15,96
2020-11-15;DRS 11 Presidente Prudente;  26,14;  67,00;39,01;  752260; 8,91;  76;  92;-17,39
2020-11-15;DRS 12 Registro;  16,71;  39,00;42,85;  278754;13,99;  42;  38; 10,53
2020-11-15;DRS 13 Ribeirão Preto;  77,43; 264,71;29,25; 1477530;17,92; 201; 159; 26,42
2020-11-15;DRS 14 São João da Boa Vista;  28,86; 112,14;25,74;  809836;13,85;  94;  76; 23,68
2020-11-15;DRS 15 São José do Rio Preto; 138,29; 364,00;37,99; 1570421;23,18; 302; 306; -1,31
2020-11-15;DRS 16 Sorocaba; 106,86; 214,86;49,73; 2461760; 8,73; 271; 241; 12,45
2020-11-15;DRS 17 Taubaté; 122,00; 382,29;31,91; 2489629;15,36; 310; 271; 14,39
2020-11-15;Estado de São Paulo;3120,71;7364,29;42,38;44639899;16,50;7169;6062; 18,26
2020-11-16;DRS 01 Grande São Paulo;1949,71;4043,14;48,22;21138247;19,13;4464;3619; 23,35
2020-11-16;DRS 02 Araçatuba;  44,71; 120,43;37,13;  764041;15,76;  91;  78; 16,67
2020-11-16;DRS 03 Araraquara;  39,43; 124,14;31,76;  991435;12,52; 138; 120; 15,00
2020-11-16;DRS 04 Baixada Santista; 171,57; 385,00;44,56; 1831884;21,02; 291; 274;  6,20
2020-11-16;DRS 05 Barretos;  22,29;  88,00;25,33;  425090;20,70;  42;  47;-10,64
2020-11-16;DRS 06 Bauru;  98,71; 219,00;45,07; 1741281;12,58; 237; 209; 13,40
2020-11-16;DRS 07 Campinas; 170,57; 504,29;33,82; 4562125;11,05; 423; 348; 21,55
2020-11-16;DRS 08 Franca;  29,71; 101,00;29,42;  696336;14,50;  58;  49; 18,37
2020-11-16;DRS 09 Marília;  62,71; 155,29;40,38; 1109670;13,99; 159; 126; 26,19
2020-11-16;DRS 10 Piracicaba;  44,14; 167,71;26,32; 1539600;10,89; 104;  99;  5,05
2020-11-16;DRS 11 Presidente Prudente;  25,86;  66,43;38,93;  752260; 8,83;  81;  90;-10,00
2020-11-16;DRS 12 Registro;  17,00;  39,00;43,59;  278754;13,99;  39;  41; -4,88
2020-11-16;DRS 13 Ribeirão Preto;  74,86; 262,71;28,50; 1477530;17,78; 191; 163; 17,18
2020-11-16;DRS 14 São João da Boa Vista;  27,57; 111,43;24,74;  809836;13,76; 101;  68; 48,53
2020-11-16;DRS 15 São José do Rio Preto; 134,43; 363,00;37,03; 1570421;23,11; 300; 303; -0,99
2020-11-16;DRS 16 Sorocaba; 106,29; 216,00;49,21; 2461760; 8,77; 283; 243; 16,46
2020-11-16;DRS 17 Taubaté; 122,29; 381,71;32,04; 2489629;15,33; 314; 266; 18,05
2020-11-16;Estado de São Paulo;3141,86;7348,29;42,76;44639899;16,46;7316;6143; 19,09
2020-11-17;DRS 01 Grande São Paulo;1985,86;4040,43;49,15;21138247;19,11;4565;3740; 22,06
2020-11-17;DRS 02 Araçatuba;  43,43; 120,43;36,06;  764041;15,76;  87;  78; 11,54
2020-11-17;DRS 03 Araraquara;  39,14; 123,86;31,60;  991435;12,49; 143; 122; 17,21
2020-11-17;DRS 04 Baixada Santista; 174,71; 387,29;45,11; 1831884;21,14; 307; 277; 10,83
2020-11-17;DRS 05 Barretos;  22,29;  88,00;25,33;  425090;20,70;  39;  49;-20,41
2020-11-17;DRS 06 Bauru;  97,29; 219,00;44,42; 1741281;12,58; 236; 214; 10,28
2020-11-17;DRS 07 Campinas; 170,14; 503,57;33,79; 4562125;11,04; 455; 361; 26,04
2020-11-17;DRS 08 Franca;  30,71; 101,00;30,41;  696336;14,50;  60;  53; 13,21
2020-11-17;DRS 09 Marília;  61,86; 155,29;39,84; 1109670;13,99; 153; 129; 18,60
2020-11-17;DRS 10 Piracicaba;  42,71; 168,14;25,40; 1539600;10,92; 108;  94; 14,89
2020-11-17;DRS 11 Presidente Prudente;  25,43;  66,00;38,53;  752260; 8,77;  84;  89; -5,62
2020-11-17;DRS 12 Registro;  17,14;  39,00;43,95;  278754;13,99;  31;  47;-34,04
2020-11-17;DRS 13 Ribeirão Preto;  70,57; 260,86;27,05; 1477530;17,66; 183; 181;  1,10
2020-11-17;DRS 14 São João da Boa Vista;  26,43; 111,86;23,63;  809836;13,81;  98;  72; 36,11
2020-11-17;DRS 15 São José do Rio Preto; 131,43; 362,57;36,25; 1570421;23,09; 303; 298;  1,68
2020-11-17;DRS 16 Sorocaba; 106,86; 217,00;49,24; 2461760; 8,81; 302; 249; 21,29
2020-11-17;DRS 17 Taubaté; 121,57; 382,29;31,80; 2489629;15,36; 319; 271; 17,71
2020-11-17;Estado de São Paulo;3167,57;7346,57;43,12;44639899;16,46;7473;6324; 18,17
2020-11-18;DRS 01 Grande São Paulo;2037,86;4040,57;50,43;21138247;19,11;4729;3919; 20,67
2020-11-18;DRS 02 Araçatuba;  42,29; 119,86;35,28;  764041;15,69;  89;  79; 12,66
2020-11-18;DRS 03 Araraquara;  39,00; 123,71;31,53;  991435;12,48; 135; 133;  1,50
2020-11-18;DRS 04 Baixada Santista; 180,00; 389,00;46,27; 1831884;21,23; 339; 274; 23,72
2020-11-18;DRS 05 Barretos;  21,14;  88,29;23,94;  425090;20,77;  29;  50;-42,00
2020-11-18;DRS 06 Bauru;  95,86; 219,14;43,74; 1741281;12,58; 246; 220; 11,82
2020-11-18;DRS 07 Campinas; 171,57; 506,29;33,89; 4562125;11,10; 460; 353; 30,31
2020-11-18;DRS 08 Franca;  31,29; 101,00;30,98;  696336;14,50;  56;  55;  1,82
2020-11-18;DRS 09 Marília;  62,71; 155,29;40,38; 1109670;13,99; 159; 139; 14,39
2020-11-18;DRS 10 Piracicaba;  42,00; 170,00;24,71; 1539600;11,04; 108; 105;  2,86
2020-11-18;DRS 11 Presidente Prudente;  25,43;  66,00;38,53;  752260; 8,77;  85;  89; -4,49
2020-11-18;DRS 12 Registro;  17,00;  39,00;43,59;  278754;13,99;  36;  43;-16,28
2020-11-18;DRS 13 Ribeirão Preto;  70,14; 250,29;28,02; 1477530;16,94; 185; 181;  2,21
2020-11-18;DRS 14 São João da Boa Vista;  26,43; 112,29;23,54;  809836;13,87;  89;  84;  5,95
2020-11-18;DRS 15 São José do Rio Preto; 126,71; 362,14;34,99; 1570421;23,06; 293; 308; -4,87
2020-11-18;DRS 16 Sorocaba; 108,29; 217,29;49,84; 2461760; 8,83; 315; 265; 18,87
2020-11-18;DRS 17 Taubaté; 122,14; 382,43;31,94; 2489629;15,36; 308; 290;  6,21
2020-11-18;Estado de São Paulo;3219,86;7342,57;43,85;44639899;16,45;7661;6587; 16,30
2020-11-19;DRS 01 Grande São Paulo;2092,14;4036,57;51,83;21138247;19,10;4848;4052; 19,64
2020-11-19;DRS 02 Araçatuba;  42,29; 119,29;35,45;  764041;15,61;  95;  80; 18,75
2020-11-19;DRS 03 Araraquara;  39,43; 123,29;31,98;  991435;12,44; 148; 127; 16,54
2020-11-19;DRS 04 Baixada Santista; 183,00; 389,29;47,01; 1831884;21,25; 339; 292; 16,10
2020-11-19;DRS 05 Barretos;  19,43;  88,57;21,94;  425090;20,84;  29;  51;-43,14
2020-11-19;DRS 06 Bauru;  94,57; 218,29;43,32; 1741281;12,54; 248; 223; 11,21
2020-11-19;DRS 07 Campinas; 175,57; 506,57;34,66; 4562125;11,10; 484; 367; 31,88
2020-11-19;DRS 08 Franca;  31,86; 101,00;31,54;  696336;14,50;  59;  56;  5,36
2020-11-19;DRS 09 Marília;  62,57; 155,29;40,29; 1109670;13,99; 164; 150;  9,33
2020-11-19;DRS 10 Piracicaba;  42,00; 168,86;24,87; 1539600;10,97; 121;  97; 24,74
2020-11-19;DRS 11 Presidente Prudente;  25,14;  65,86;38,17;  752260; 8,75;  87;  86;  1,16
2020-11-19;DRS 12 Registro;  17,29;  39,00;44,33;  278754;13,99;  38;  42; -9,52
2020-11-19;DRS 13 Ribeirão Preto;  68,86; 239,57;28,74; 1477530;16,21; 181; 184; -1,63
2020-11-19;DRS 14 São João da Boa Vista;  27,00; 112,71;23,96;  809836;13,92;  84;  82;  2,44
2020-11-19;DRS 15 São José do Rio Preto; 124,86; 362,00;34,49; 1570421;23,05; 296; 294;  0,68
2020-11-19;DRS 16 Sorocaba; 108,86; 217,86;49,97; 2461760; 8,85; 320; 276; 15,94
2020-11-19;DRS 17 Taubaté; 124,43; 383,43;32,45; 2489629;15,40; 324; 286; 13,29
2020-11-19;Estado de São Paulo;3279,29;7327,43;44,75;44639899;16,41;7865;6745; 16,60
2020-11-20;DRS 01 Grande São Paulo;2147,57;4038,00;53,18;21138247;19,10;4978;4168; 19,43
2020-11-20;DRS 02 Araçatuba;  41,57; 118,43;35,10;  764041;15,50;  89;  91; -2,20
2020-11-20;DRS 03 Araraquara;  39,71; 122,71;32,36;  991435;12,38; 147; 135;  8,89
2020-11-20;DRS 04 Baixada Santista; 185,00; 389,43;47,51; 1831884;21,26; 365; 303; 20,46
2020-11-20;DRS 05 Barretos;  18,57;  88,86;20,90;  425090;20,90;  30;  47;-36,17
2020-11-20;DRS 06 Bauru;  96,29; 217,57;44,26; 1741281;12,49; 254; 222; 14,41
2020-11-20;DRS 07 Campinas; 181,00; 509,57;35,52; 4562125;11,17; 510; 389; 31,11
2020-11-20;DRS 08 Franca;  32,57; 100,86;32,29;  696336;14,48;  57;  52;  9,62
2020-11-20;DRS 09 Marília;  62,00; 155,29;39,93; 1109670;13,99; 169; 146; 15,75
2020-11-20;DRS 10 Piracicaba;  42,86; 169,00;25,36; 1539600;10,98; 128;  96; 33,33
2020-11-20;DRS 11 Presidente Prudente;  25,29;  66,00;38,32;  752260; 8,77;  85;  88; -3,41
2020-11-20;DRS 12 Registro;  17,00;  39,00;43,59;  278754;13,99;  41;  40;  2,50
2020-11-20;DRS 13 Ribeirão Preto;  68,43; 230,14;29,73; 1477530;15,58; 186; 196; -5,10
2020-11-20;DRS 14 São João da Boa Vista;  27,57; 112,86;24,43;  809836;13,94;  78;  92;-15,22
2020-11-20;DRS 15 São José do Rio Preto; 122,86; 362,29;33,91; 1570421;23,07; 308; 297;  3,70
2020-11-20;DRS 16 Sorocaba; 109,14; 218,86;49,87; 2461760; 8,89; 336; 290; 15,86
2020-11-20;DRS 17 Taubaté; 128,29; 385,71;33,26; 2489629;15,49; 324; 300;  8,00
2020-11-20;Estado de São Paulo;3345,71;7324,57;45,68;44639899;16,41;8085;6952; 16,30
2020-11-21;DRS 01 Grande São Paulo;2194,29;4044,86;54,25;21138247;19,14;5013;4249; 17,98
2020-11-21;DRS 02 Araçatuba;  40,14; 117,43;34,18;  764041;15,37;  97;  88; 10,23
2020-11-21;DRS 03 Araraquara;  40,14; 122,29;32,82;  991435;12,33; 156; 130; 20,00
2020-11-21;DRS 04 Baixada Santista; 190,29; 389,86;48,81; 1831884;21,28; 380; 298; 27,52
2020-11-21;DRS 05 Barretos;  18,43;  89,14;20,68;  425090;20,97;  32;  46;-30,43
2020-11-21;DRS 06 Bauru;  96,71; 217,29;44,51; 1741281;12,48; 245; 223;  9,87
2020-11-21;DRS 07 Campinas; 187,57; 512,29;36,61; 4562125;11,23; 547; 399; 37,09
2020-11-21;DRS 08 Franca;  32,43; 100,14;32,38;  696336;14,38;  62;  54; 14,81
2020-11-21;DRS 09 Marília;  61,43; 155,00;39,63; 1109670;13,97; 167; 145; 15,17
2020-11-21;DRS 10 Piracicaba;  44,57; 170,14;26,20; 1539600;11,05; 124; 102; 21,57
2020-11-21;DRS 11 Presidente Prudente;  26,00;  66,00;39,39;  752260; 8,77;  94;  84; 11,90
2020-11-21;DRS 12 Registro;  16,29;  39,00;41,77;  278754;13,99;  39;  44;-11,36
2020-11-21;DRS 13 Ribeirão Preto;  68,71; 221,43;31,03; 1477530;14,99; 179; 205;-12,68
2020-11-21;DRS 14 São João da Boa Vista;  27,57; 113,00;24,40;  809836;13,95;  72;  99;-27,27
2020-11-21;DRS 15 São José do Rio Preto; 120,57; 363,29;33,19; 1570421;23,13; 331; 293; 12,97
2020-11-21;DRS 16 Sorocaba; 111,29; 219,71;50,65; 2461760; 8,92; 359; 278; 29,14
2020-11-21;DRS 17 Taubaté; 133,43; 387,00;34,48; 2489629;15,54; 322; 307;  4,89
2020-11-21;Estado de São Paulo;3409,86;7327,86;46,53;44639899;16,42;8219;7044; 16,68
2020-11-22;DRS 01 Grande São Paulo;2246,86;4065,71;55,26;21138247;19,23;5090;4353; 16,93
2020-11-22;DRS 02 Araçatuba;  40,00; 116,14;34,44;  764041;15,20;  89;  86;  3,49
2020-11-22;DRS 03 Araraquara;  40,14; 121,71;32,98;  991435;12,28; 154; 131; 17,56
2020-11-22;DRS 04 Baixada Santista; 197,57; 390,71;50,57; 1831884;21,33; 399; 286; 39,51
2020-11-22;DRS 05 Barretos;  18,14;  89,43;20,28;  425090;21,04;  30;  43;-30,23
2020-11-22;DRS 06 Bauru;  98,00; 215,43;45,49; 1741281;12,37; 249; 231;  7,79
2020-11-22;DRS 07 Campinas; 196,86; 516,71;38,10; 4562125;11,33; 550; 418; 31,58
2020-11-22;DRS 08 Franca;  32,43;  99,43;32,62;  696336;14,28;  62;  57;  8,77
2020-11-22;DRS 09 Marília;  61,57; 154,71;39,80; 1109670;13,94; 174; 159;  9,43
2020-11-22;DRS 10 Piracicaba;  46,71; 169,00;27,64; 1539600;10,98; 122; 109; 11,93
2020-11-22;DRS 11 Presidente Prudente;  26,00;  66,00;39,39;  752260; 8,77;  97;  76; 27,63
2020-11-22;DRS 12 Registro;  16,71;  39,00;42,85;  278754;13,99;  44;  42;  4,76
2020-11-22;DRS 13 Ribeirão Preto;  67,71; 212,86;31,81; 1477530;14,41; 184; 201; -8,46
2020-11-22;DRS 14 São João da Boa Vista;  27,86; 113,14;24,62;  809836;13,97;  80;  94;-14,89
2020-11-22;DRS 15 São José do Rio Preto; 122,00; 363,29;33,58; 1570421;23,13; 342; 302; 13,25
2020-11-22;DRS 16 Sorocaba; 116,57; 220,29;52,92; 2461760; 8,95; 367; 271; 35,42
2020-11-22;DRS 17 Taubaté; 139,43; 387,86;35,95; 2489629;15,58; 327; 310;  5,48
2020-11-22;Estado de São Paulo;3494,57;7341,43;47,60;44639899;16,45;8360;7169; 16,61
2020-11-23;DRS 01 Grande São Paulo;2286,14;4078,00;56,06;21138247;19,29;5075;4464; 13,69
2020-11-23;DRS 02 Araçatuba;  39,43; 114,29;34,50;  764041;14,96;  87;  91; -4,40
2020-11-23;DRS 03 Araraquara;  40,43; 121,86;33,18;  991435;12,29; 149; 138;  7,97
2020-11-23;DRS 04 Baixada Santista; 205,43; 391,71;52,44; 1831884;21,38; 409; 291; 40,55
2020-11-23;DRS 05 Barretos;  18,14;  89,71;20,22;  425090;21,10;  30;  42;-28,57
2020-11-23;DRS 06 Bauru;  99,29; 213,57;46,49; 1741281;12,27; 253; 237;  6,75
2020-11-23;DRS 07 Campinas; 206,71; 524,86;39,38; 4562125;11,50; 565; 423; 33,57
2020-11-23;DRS 08 Franca;  32,71;  98,86;33,09;  696336;14,20;  65;  58; 12,07
2020-11-23;DRS 09 Marília;  62,00; 155,29;39,93; 1109670;13,99; 176; 159; 10,69
2020-11-23;DRS 10 Piracicaba;  49,57; 169,29;29,28; 1539600;11,00; 127; 104; 22,12
2020-11-23;DRS 11 Presidente Prudente;  26,29;  66,00;39,83;  752260; 8,77;  99;  81; 22,22
2020-11-23;DRS 12 Registro;  17,14;  39,00;43,95;  278754;13,99;  43;  39; 10,26
2020-11-23;DRS 13 Ribeirão Preto;  68,86; 204,14;33,73; 1477530;13,82; 185; 191; -3,14
2020-11-23;DRS 14 São João da Boa Vista;  27,43; 112,86;24,30;  809836;13,94;  80; 101;-20,79
2020-11-23;DRS 15 São José do Rio Preto; 125,57; 364,29;34,47; 1570421;23,20; 339; 300; 13,00
2020-11-23;DRS 16 Sorocaba; 120,57; 222,00;54,31; 2461760; 9,02; 372; 283; 31,45
2020-11-23;DRS 17 Taubaté; 144,00; 390,43;36,88; 2489629;15,68; 338; 314;  7,64
2020-11-23;Estado de São Paulo;3569,71;7356,14;48,53;44639899;16,48;8392;7316; 14,71
2020-11-24;DRS 01 Grande São Paulo;2331,00;4107,86;56,74;21138247;19,43;5059;4565; 10,82
2020-11-24;DRS 02 Araçatuba;  39,71; 113,71;34,92;  764041;14,88;  96;  87; 10,34
2020-11-24;DRS 03 Araraquara;  40,43; 121,57;33,26;  991435;12,26; 152; 143;  6,29
2020-11-24;DRS 04 Baixada Santista; 213,43; 394,29;54,13; 1831884;21,52; 415; 307; 35,18
2020-11-24;DRS 05 Barretos;  17,29;  90,00;19,21;  425090;21,17;  30;  39;-23,08
2020-11-24;DRS 06 Bauru; 101,57; 211,14;48,11; 1741281;12,13; 261; 236; 10,59
2020-11-24;DRS 07 Campinas; 212,43; 528,57;40,19; 4562125;11,59; 570; 455; 25,27
2020-11-24;DRS 08 Franca;  32,43;  98,29;32,99;  696336;14,12;  63;  60;  5,00
2020-11-24;DRS 09 Marília;  64,43; 154,86;41,61; 1109670;13,96; 193; 153; 26,14
2020-11-24;DRS 10 Piracicaba;  51,43; 170,57;30,15; 1539600;11,08; 127; 108; 17,59
2020-11-24;DRS 11 Presidente Prudente;  26,57;  66,00;40,26;  752260; 8,77;  95;  84; 13,10
2020-11-24;DRS 12 Registro;  17,57;  39,00;45,05;  278754;13,99;  52;  31; 67,74
2020-11-24;DRS 13 Ribeirão Preto;  71,86; 195,43;36,77; 1477530;13,23; 188; 183;  2,73
2020-11-24;DRS 14 São João da Boa Vista;  27,86; 112,86;24,69;  809836;13,94;  80;  98;-18,37
2020-11-24;DRS 15 São José do Rio Preto; 128,57; 364,71;35,25; 1570421;23,22; 358; 303; 18,15
2020-11-24;DRS 16 Sorocaba; 123,86; 223,00;55,54; 2461760; 9,06; 371; 302; 22,85
2020-11-24;DRS 17 Taubaté; 148,29; 391,71;37,86; 2489629;15,73; 341; 319;  6,90
2020-11-24;Estado de São Paulo;3648,71;7383,57;49,42;44639899;16,54;8451;7473; 13,09
2020-11-25;DRS 01 Grande São Paulo;2371,71;4143,43;57,24;21138247;19,60;5056;4729;  6,91
2020-11-25;DRS 02 Araçatuba;  39,57; 113,86;34,75;  764041;14,90;  96;  89;  7,87
2020-11-25;DRS 03 Araraquara;  39,86; 121,29;32,86;  991435;12,23; 164; 135; 21,48
2020-11-25;DRS 04 Baixada Santista; 216,43; 395,00;54,79; 1831884;21,56; 404; 339; 19,17
2020-11-25;DRS 05 Barretos;  17,57;  90,00;19,52;  425090;21,17;  36;  29; 24,14
2020-11-25;DRS 06 Bauru; 104,86; 209,71;50,00; 1741281;12,04; 286; 246; 16,26
2020-11-25;DRS 07 Campinas; 216,86; 531,29;40,82; 4562125;11,65; 601; 460; 30,65
2020-11-25;DRS 08 Franca;  32,00;  97,71;32,75;  696336;14,03;  60;  56;  7,14
2020-11-25;DRS 09 Marília;  64,29; 154,57;41,59; 1109670;13,93; 191; 159; 20,13
2020-11-25;DRS 10 Piracicaba;  54,00; 171,00;31,58; 1539600;11,11; 129; 108; 19,44
2020-11-25;DRS 11 Presidente Prudente;  27,14;  66,00;41,12;  752260; 8,77; 110;  85; 29,41
2020-11-25;DRS 12 Registro;  18,14;  39,00;46,51;  278754;13,99;  52;  36; 44,44
2020-11-25;DRS 13 Ribeirão Preto;  70,86; 194,43;36,44; 1477530;13,16; 179; 185; -3,24
2020-11-25;DRS 14 São João da Boa Vista;  28,00; 112,86;24,81;  809836;13,94;  81;  89; -8,99
2020-11-25;DRS 15 São José do Rio Preto; 134,14; 365,86;36,66; 1570421;23,30; 366; 293; 24,91
2020-11-25;DRS 16 Sorocaba; 127,57; 223,86;56,99; 2461760; 9,09; 380; 315; 20,63
2020-11-25;DRS 17 Taubaté; 151,14; 393,00;38,46; 2489629;15,79; 368; 308; 19,48
2020-11-25;Estado de São Paulo;3714,14;7422,86;50,04;44639899;16,63;8559;7661; 11,72
2020-11-26;DRS 01 Grande São Paulo;2401,86;4172,14;57,57;21138247;19,74;5002;4848;  3,18
2020-11-26;DRS 02 Araçatuba;  38,29; 114,00;33,59;  764041;14,92;  86;  95; -9,47
2020-11-26;DRS 03 Araraquara;  39,14; 121,43;32,23;  991435;12,25; 161; 148;  8,78
2020-11-26;DRS 04 Baixada Santista; 218,57; 395,43;55,27; 1831884;21,59; 418; 339; 23,30
2020-11-26;DRS 05 Barretos;  19,00;  90,00;21,11;  425090;21,17;  38;  29; 31,03
2020-11-26;DRS 06 Bauru; 108,29; 209,14;51,78; 1741281;12,01; 285; 248; 14,92
2020-11-26;DRS 07 Campinas; 223,14; 537,29;41,53; 4562125;11,78; 624; 484; 28,93
2020-11-26;DRS 08 Franca;  31,43;  97,14;32,36;  696336;13,95;  55;  59; -6,78
2020-11-26;DRS 09 Marília;  64,57; 154,57;41,77; 1109670;13,93; 183; 164; 11,59
2020-11-26;DRS 10 Piracicaba;  56,29; 172,86;32,56; 1539600;11,23; 130; 121;  7,44
2020-11-26;DRS 11 Presidente Prudente;  28,57;  66,00;43,29;  752260; 8,77; 118;  87; 35,63
2020-11-26;DRS 12 Registro;  18,86;  39,00;48,36;  278754;13,99;  53;  38; 39,47
2020-11-26;DRS 13 Ribeirão Preto;  71,57; 193,57;36,97; 1477530;13,10; 181; 181;  0,00
2020-11-26;DRS 14 São João da Boa Vista;  28,29; 113,71;24,88;  809836;14,04;  79;  84; -5,95
2020-11-26;DRS 15 São José do Rio Preto; 137,00; 365,29;37,50; 1570421;23,26; 362; 296; 22,30
2020-11-26;DRS 16 Sorocaba; 132,43; 225,43;58,75; 2461760; 9,16; 380; 320; 18,75
2020-11-26;DRS 17 Taubaté; 154,14; 393,29;39,19; 2489629;15,80; 379; 324; 16,98
2020-11-26;Estado de São Paulo;3771,43;7460,29;50,55;44639899;16,71;8534;7865;  8,51
2020-11-27;DRS 01 Grande São Paulo;2434,57;4199,43;57,97;21138247;19,87;5107;4978;  2,59
2020-11-27;DRS 02 Araçatuba;  37,86; 114,00;33,21;  764041;14,92;  96;  89;  7,87
2020-11-27;DRS 03 Araraquara;  38,57; 121,29;31,80;  991435;12,23; 167; 147; 13,61
2020-11-27;DRS 04 Baixada Santista; 220,86; 396,00;55,77; 1831884;21,62; 389; 365;  6,58
2020-11-27;DRS 05 Barretos;  20,71;  90,00;23,01;  425090;21,17;  44;  30; 46,67
2020-11-27;DRS 06 Bauru; 108,71; 208,71;52,09; 1741281;11,99; 297; 254; 16,93
2020-11-27;DRS 07 Campinas; 230,43; 539,43;42,72; 4562125;11,82; 623; 510; 22,16
2020-11-27;DRS 08 Franca;  30,86;  96,71;31,91;  696336;13,89;  69;  57; 21,05
2020-11-27;DRS 09 Marília;  65,71; 154,57;42,51; 1109670;13,93; 179; 169;  5,92
2020-11-27;DRS 10 Piracicaba;  58,14; 174,43;33,33; 1539600;11,33; 127; 128; -0,78
2020-11-27;DRS 11 Presidente Prudente;  29,86;  65,86;45,34;  752260; 8,75; 130;  85; 52,94
2020-11-27;DRS 12 Registro;  19,86;  39,00;50,92;  278754;13,99;  53;  41; 29,27
2020-11-27;DRS 13 Ribeirão Preto;  71,00; 192,71;36,84; 1477530;13,04; 162; 186;-12,90
2020-11-27;DRS 14 São João da Boa Vista;  28,14; 114,57;24,56;  809836;14,15;  82;  78;  5,13
2020-11-27;DRS 15 São José do Rio Preto; 141,43; 365,00;38,75; 1570421;23,24; 367; 308; 19,16
2020-11-27;DRS 16 Sorocaba; 138,14; 227,00;60,85; 2461760; 9,22; 396; 336; 17,86
2020-11-27;DRS 17 Taubaté; 154,43; 391,86;39,41; 2489629;15,74; 386; 324; 19,14
2020-11-27;Estado de São Paulo;3829,29;7490,57;51,12;44639899;16,78;8674;8085;  7,29
2020-11-28;DRS 01 Grande São Paulo;2463,57;4210,14;58,52;21138247;19,92;5209;5013;  3,91
2020-11-28;DRS 02 Araçatuba;  37,86; 114,14;33,17;  764041;14,94;  94;  97; -3,09
2020-11-28;DRS 03 Araraquara;  37,86; 120,86;31,33;  991435;12,19; 163; 156;  4,49
2020-11-28;DRS 04 Baixada Santista; 220,86; 396,14;55,75; 1831884;21,62; 400; 380;  5,26
2020-11-28;DRS 05 Barretos;  22,00;  90,00;24,44;  425090;21,17;  46;  32; 43,75
2020-11-28;DRS 06 Bauru; 109,14; 208,29;52,40; 1741281;11,96; 304; 245; 24,08
2020-11-28;DRS 07 Campinas; 237,00; 541,43;43,77; 4562125;11,87; 611; 547; 11,70
2020-11-28;DRS 08 Franca;  32,00;  96,86;33,04;  696336;13,91;  67;  62;  8,06
2020-11-28;DRS 09 Marília;  67,57; 154,86;43,63; 1109670;13,96; 188; 167; 12,57
2020-11-28;DRS 10 Piracicaba;  59,57; 174,57;34,12; 1539600;11,34; 143; 124; 15,32
2020-11-28;DRS 11 Presidente Prudente;  30,71;  65,86;46,63;  752260; 8,75; 139;  94; 47,87
2020-11-28;DRS 12 Registro;  20,71;  39,00;53,10;  278754;13,99;  51;  39; 30,77
2020-11-28;DRS 13 Ribeirão Preto;  70,29; 190,86;36,83; 1477530;12,92; 155; 179;-13,41
2020-11-28;DRS 14 São João da Boa Vista;  29,00; 114,43;25,34;  809836;14,13;  90;  72; 25,00
2020-11-28;DRS 15 São José do Rio Preto; 147,14; 364,00;40,42; 1570421;23,18; 362; 331;  9,37
2020-11-28;DRS 16 Sorocaba; 143,29; 228,57;62,69; 2461760; 9,28; 393; 359;  9,47
2020-11-28;DRS 17 Taubaté; 155,29; 392,14;39,60; 2489629;15,75; 393; 322; 22,05
2020-11-28;Estado de São Paulo;3883,86;7502,14;51,77;44639899;16,81;8808;8219;  7,17
2020-11-29;DRS 01 Grande São Paulo;2483,00;4220,29;58,83;21138247;19,97;5278;5090;  3,69
2020-11-29;DRS 02 Araçatuba;  37,71; 114,57;32,91;  764041;15,00; 104;  89; 16,85
2020-11-29;DRS 03 Araraquara;  38,00; 120,86;31,44;  991435;12,19; 168; 154;  9,09
2020-11-29;DRS 04 Baixada Santista; 219,00; 397,57;55,08; 1831884;21,70; 405; 399;  1,50
2020-11-29;DRS 05 Barretos;  22,43;  90,00;24,92;  425090;21,17;  50;  30; 66,67
2020-11-29;DRS 06 Bauru; 108,86; 208,71;52,16; 1741281;11,99; 314; 249; 26,10
2020-11-29;DRS 07 Campinas; 241,71; 543,14;44,50; 4562125;11,91; 628; 550; 14,18
2020-11-29;DRS 08 Franca;  31,86;  96,86;32,89;  696336;13,91;  65;  62;  4,84
2020-11-29;DRS 09 Marília;  68,29; 154,86;44,10; 1109670;13,96; 177; 174;  1,72
2020-11-29;DRS 10 Piracicaba;  61,71; 175,71;35,12; 1539600;11,41; 145; 122; 18,85
2020-11-29;DRS 11 Presidente Prudente;  32,86;  66,29;49,57;  752260; 8,81; 143;  97; 47,42
2020-11-29;DRS 12 Registro;  20,43;  39,00;52,38;  278754;13,99;  45;  44;  2,27
2020-11-29;DRS 13 Ribeirão Preto;  69,71; 189,14;36,86; 1477530;12,80; 163; 184;-11,41
2020-11-29;DRS 14 São João da Boa Vista;  29,29; 113,43;25,82;  809836;14,01;  79;  80; -1,25
2020-11-29;DRS 15 São José do Rio Preto; 149,14; 364,71;40,89; 1570421;23,22; 352; 342;  2,92
2020-11-29;DRS 16 Sorocaba; 145,14; 230,86;62,87; 2461760; 9,38; 402; 367;  9,54
2020-11-29;DRS 17 Taubaté; 155,43; 392,00;39,65; 2489629;15,75; 398; 327; 21,71
2020-11-29;Estado de São Paulo;3914,57;7518,00;52,07;44639899;16,84;8916;8360;  6,65
2020-11-30;DRS 01 Grande São Paulo;2524,29;4235,14;59,60;21138247;20,04;5439;5075;  7,17
2020-11-30;DRS 02 Araçatuba;  37,71; 115,57;32,63;  764041;15,13; 106;  87; 21,84
2020-11-30;DRS 03 Araraquara;  37,86; 120,29;31,47;  991435;12,13; 177; 149; 18,79
2020-11-30;DRS 04 Baixada Santista; 215,57; 399,43;53,97; 1831884;21,80; 410; 409;  0,24
2020-11-30;DRS 05 Barretos;  21,57;  89,57;24,08;  425090;21,07;  51;  30; 70,00
2020-11-30;DRS 06 Bauru; 107,71; 209,71;51,36; 1741281;12,04; 308; 253; 21,74
2020-11-30;DRS 07 Campinas; 246,14; 540,57;45,53; 4562125;11,85; 651; 565; 15,22
2020-11-30;DRS 08 Franca;  31,71;  96,71;32,79;  696336;13,89;  60;  65; -7,69
2020-11-30;DRS 09 Marília;  69,57; 154,43;45,05; 1109670;13,92; 185; 176;  5,11
2020-11-30;DRS 10 Piracicaba;  63,86; 176,00;36,28; 1539600;11,43; 142; 127; 11,81
2020-11-30;DRS 11 Presidente Prudente;  34,43;  66,57;51,72;  752260; 8,85; 154;  99; 55,56
2020-11-30;DRS 12 Registro;  20,43;  39,00;52,38;  278754;13,99;  46;  43;  6,98
2020-11-30;DRS 13 Ribeirão Preto;  70,29; 188,29;37,33; 1477530;12,74; 176; 185; -4,86
2020-11-30;DRS 14 São João da Boa Vista;  30,43; 113,71;26,76;  809836;14,04;  74;  80; -7,50
2020-11-30;DRS 15 São José do Rio Preto; 152,00; 364,71;41,68; 1570421;23,22; 378; 339; 11,50
2020-11-30;DRS 16 Sorocaba; 145,71; 230,86;63,12; 2461760; 9,38; 393; 372;  5,65
2020-11-30;DRS 17 Taubaté; 154,57; 391,14;39,52; 2489629;15,71; 412; 338; 21,89
2020-11-30;Estado de São Paulo;3963,86;7531,71;52,63;44639899;16,87;9162;8392;  9,18
2020-12-01;DRS 01 Grande São Paulo;2553,00;4249,71;60,07;21138247;20,10;5506;5059;  8,84
2020-12-01;DRS 02 Araçatuba;  37,71; 115,71;32,59;  764041;15,14; 104;  96;  8,33
2020-12-01;DRS 03 Araraquara;  38,00; 120,14;31,63;  991435;12,12; 174; 152; 14,47
2020-12-01;DRS 04 Baixada Santista; 213,71; 399,14;53,54; 1831884;21,79; 409; 415; -1,45
2020-12-01;DRS 05 Barretos;  20,86;  89,57;23,29;  425090;21,07;  46;  30; 53,33
2020-12-01;DRS 06 Bauru; 106,57; 211,00;50,51; 1741281;12,12; 309; 261; 18,39
2020-12-01;DRS 07 Campinas; 253,71; 540,00;46,98; 4562125;11,84; 663; 570; 16,32
2020-12-01;DRS 08 Franca;  31,43;  96,57;32,55;  696336;13,87;  54;  63;-14,29
2020-12-01;DRS 09 Marília;  69,57; 154,86;44,92; 1109670;13,96; 180; 193; -6,74
2020-12-01;DRS 10 Piracicaba;  65,86; 174,43;37,76; 1539600;11,33; 148; 127; 16,54
2020-12-01;DRS 11 Presidente Prudente;  36,14;  67,00;53,94;  752260; 8,91; 165;  95; 73,68
2020-12-01;DRS 12 Registro;  20,71;  39,00;53,10;  278754;13,99;  45;  52;-13,46
2020-12-01;DRS 13 Ribeirão Preto;  69,00; 187,29;36,84; 1477530;12,68; 173; 188; -7,98
2020-12-01;DRS 14 São João da Boa Vista;  31,14; 113,71;27,39;  809836;14,04;  79;  80; -1,25
2020-12-01;DRS 15 São José do Rio Preto; 157,29; 365,29;43,06; 1570421;23,26; 384; 358;  7,26
2020-12-01;DRS 16 Sorocaba; 146,43; 232,43;63,00; 2461760; 9,44; 389; 371;  4,85
2020-12-01;DRS 17 Taubaté; 154,00; 391,29;39,36; 2489629;15,72; 429; 341; 25,81
2020-12-01;Estado de São Paulo;4005,14;7547,14;53,07;44639899;16,91;9257;8451;  9,54
