datahora;nome_drs;pacientes_uti_mm7d;total_covid_uti_mm7d;ocupacao_leitos;pop;leitos_pc;internacoes_28d;internacoes_28d_l;internacoes_28v28
2020-10-08;DRS 01 Grande São Paulo;2036,86;4829,86;42,17;21138247;22,85;16935;21846;-22,48
2020-10-08;DRS 02 Araçatuba;  58,71; 118,57;49,52;  764041;15,52;  452;  416;  8,65
2020-10-08;DRS 03 Araraquara;  45,14; 123,29;36,61;  991435;12,44;  934; 1014; -7,89
2020-10-08;DRS 04 Baixada Santista; 108,14; 409,14;26,43; 1831884;22,33;  797; 1067;-25,30
2020-10-08;DRS 05 Barretos;  55,57;  91,86;60,49;  425090;21,61;  615;  541; 13,68
2020-10-08;DRS 06 Bauru; 148,57; 227,57;65,29; 1741281;13,07; 1405; 1390;  1,08
2020-10-08;DRS 07 Campinas; 277,57; 718,71;38,62; 4562125;15,75; 2445; 3433;-28,78
2020-10-08;DRS 08 Franca;  61,00; 110,00;55,45;  696336;15,80;  505;  658;-23,25
2020-10-08;DRS 09 Marília;  65,86; 160,00;41,16; 1109670;14,42;  686;  783;-12,39
2020-10-08;DRS 10 Piracicaba;  89,86; 244,86;36,70; 1539600;15,90;  718; 1047;-31,42
2020-10-08;DRS 11 Presidente Prudente;  49,43;  77,43;63,84;  752260;10,29;  655;  740;-11,49
2020-10-08;DRS 12 Registro;  11,29;  39,00;28,95;  278754;13,99;  162;  173; -6,36
2020-10-08;DRS 13 Ribeirão Preto; 169,14; 308,29;54,86; 1477530;20,87; 1600; 1922;-16,75
2020-10-08;DRS 14 São João da Boa Vista;  55,43; 124,71;44,45;  809836;15,40;  617;  598;  3,18
2020-10-08;DRS 15 São José do Rio Preto; 266,29; 445,29;59,80; 1570421;28,35; 2378; 2458; -3,25
2020-10-08;DRS 16 Sorocaba; 113,14; 240,57;47,03; 2461760; 9,77; 1132; 1277;-11,35
2020-10-08;DRS 17 Taubaté; 157,00; 434,86;36,10; 2489629;17,47; 1534; 2321;-33,91
2020-10-08;Estado de São Paulo;3769,00;8704,00;43,30;44639899;19,50;33570;41684;-19,47
2020-10-09;DRS 01 Grande São Paulo;2027,43;4822,29;42,04;21138247;22,81;16801;21613;-22,26
2020-10-09;DRS 02 Araçatuba;  58,86; 119,43;49,28;  764041;15,63;  457;  405; 12,84
2020-10-09;DRS 03 Araraquara;  45,14; 123,14;36,66;  991435;12,42;  925; 1004; -7,87
2020-10-09;DRS 04 Baixada Santista; 107,00; 412,29;25,95; 1831884;22,51;  782; 1065;-26,57
2020-10-09;DRS 05 Barretos;  56,14;  91,57;61,31;  425090;21,54;  614;  535; 14,77
2020-10-09;DRS 06 Bauru; 150,57; 227,57;66,16; 1741281;13,07; 1405; 1396;  0,64
2020-10-09;DRS 07 Campinas; 271,57; 697,14;38,95; 4562125;15,28; 2404; 3392;-29,13
2020-10-09;DRS 08 Franca;  59,57; 110,00;54,15;  696336;15,80;  492;  665;-26,02
2020-10-09;DRS 09 Marília;  66,00; 160,00;41,25; 1109670;14,42;  697;  773; -9,83
2020-10-09;DRS 10 Piracicaba;  87,71; 244,57;35,86; 1539600;15,89;  727; 1008;-27,88
2020-10-09;DRS 11 Presidente Prudente;  48,86;  77,86;62,75;  752260;10,35;  651;  737;-11,67
2020-10-09;DRS 12 Registro;  11,29;  39,00;28,95;  278754;13,99;  160;  171; -6,43
2020-10-09;DRS 13 Ribeirão Preto; 165,29; 308,43;53,59; 1477530;20,87; 1602; 1919;-16,52
2020-10-09;DRS 14 São João da Boa Vista;  55,86; 126,29;44,23;  809836;15,59;  611;  605;  0,99
2020-10-09;DRS 15 São José do Rio Preto; 265,29; 445,00;59,62; 1570421;28,34; 2412; 2451; -1,59
2020-10-09;DRS 16 Sorocaba; 111,43; 238,00;46,82; 2461760; 9,67; 1135; 1261; -9,99
2020-10-09;DRS 17 Taubaté; 152,57; 434,43;35,12; 2489629;17,45; 1511; 2293;-34,10
2020-10-09;Estado de São Paulo;3740,57;8677,00;43,11;44639899;19,44;33386;41293;-19,15
2020-10-10;DRS 01 Grande São Paulo;2022,00;4812,57;42,01;21138247;22,77;16715;21274;-21,43
2020-10-10;DRS 02 Araçatuba;  59,86; 119,43;50,12;  764041;15,63;  474;  402; 17,91
2020-10-10;DRS 03 Araraquara;  45,14; 123,00;36,70;  991435;12,41;  929;  989; -6,07
2020-10-10;DRS 04 Baixada Santista; 106,29; 412,29;25,78; 1831884;22,51;  762; 1061;-28,18
2020-10-10;DRS 05 Barretos;  56,86;  91,29;62,29;  425090;21,48;  611;  541; 12,94
2020-10-10;DRS 06 Bauru; 152,14; 227,71;66,81; 1741281;13,08; 1408; 1386;  1,59
2020-10-10;DRS 07 Campinas; 267,57; 679,29;39,39; 4562125;14,89; 2374; 3347;-29,07
2020-10-10;DRS 08 Franca;  57,29; 110,00;52,08;  696336;15,80;  488;  669;-27,06
2020-10-10;DRS 09 Marília;  66,57; 159,29;41,79; 1109670;14,35;  709;  759; -6,59
2020-10-10;DRS 10 Piracicaba;  84,71; 243,71;34,76; 1539600;15,83;  730;  986;-25,96
2020-10-10;DRS 11 Presidente Prudente;  48,43;  77,86;62,20;  752260;10,35;  651;  729;-10,70
2020-10-10;DRS 12 Registro;  11,14;  39,00;28,56;  278754;13,99;  161;  165; -2,42
2020-10-10;DRS 13 Ribeirão Preto; 160,43; 308,57;51,99; 1477530;20,88; 1597; 1894;-15,68
2020-10-10;DRS 14 São João da Boa Vista;  55,43; 126,86;43,69;  809836;15,66;  610;  608;  0,33
2020-10-10;DRS 15 São José do Rio Preto; 264,00; 444,29;59,42; 1570421;28,29; 2423; 2429; -0,25
2020-10-10;DRS 16 Sorocaba; 111,57; 236,43;47,19; 2461760; 9,60; 1123; 1262;-11,01
2020-10-10;DRS 17 Taubaté; 148,86; 435,43;34,19; 2489629;17,49; 1503; 2267;-33,70
2020-10-10;Estado de São Paulo;3718,29;8647,00;43,00;44639899;19,37;33268;40768;-18,40
2020-10-11;DRS 01 Grande São Paulo;2007,00;4781,86;41,97;21138247;22,62;16541;21049;-21,42
2020-10-11;DRS 02 Araçatuba;  60,00; 120,00;50,00;  764041;15,71;  479;  400; 19,75
2020-10-11;DRS 03 Araraquara;  46,71; 123,43;37,84;  991435;12,45;  932;  972; -4,12
2020-10-11;DRS 04 Baixada Santista; 106,86; 411,71;25,96; 1831884;22,47;  748; 1062;-29,57
2020-10-11;DRS 05 Barretos;  57,00;  91,00;62,64;  425090;21,41;  613;  534; 14,79
2020-10-11;DRS 06 Bauru; 152,00; 228,00;66,67; 1741281;13,09; 1376; 1401; -1,78
2020-10-11;DRS 07 Campinas; 260,57; 670,57;38,86; 4562125;14,70; 2319; 3311;-29,96
2020-10-11;DRS 08 Franca;  56,00; 110,00;50,91;  696336;15,80;  492;  660;-25,45
2020-10-11;DRS 09 Marília;  65,57; 159,43;41,13; 1109670;14,37;  705;  753; -6,37
2020-10-11;DRS 10 Piracicaba;  81,43; 242,57;33,57; 1539600;15,76;  719;  964;-25,41
2020-10-11;DRS 11 Presidente Prudente;  49,71;  78,14;63,62;  752260;10,39;  644;  734;-12,26
2020-10-11;DRS 12 Registro;  11,43;  39,00;29,31;  278754;13,99;  163;  167; -2,40
2020-10-11;DRS 13 Ribeirão Preto; 157,43; 309,00;50,95; 1477530;20,91; 1580; 1862;-15,15
2020-10-11;DRS 14 São João da Boa Vista;  54,00; 126,71;42,62;  809836;15,65;  608;  605;  0,50
2020-10-11;DRS 15 São José do Rio Preto; 260,86; 443,71;58,79; 1570421;28,25; 2437; 2428;  0,37
2020-10-11;DRS 16 Sorocaba; 110,86; 234,00;47,38; 2461760; 9,51; 1095; 1249;-12,33
2020-10-11;DRS 17 Taubaté; 148,71; 432,71;34,37; 2489629;17,38; 1502; 2200;-31,73
2020-10-11;Estado de São Paulo;3686,14;8601,86;42,85;44639899;19,27;32953;40351;-18,33
2020-10-12;DRS 01 Grande São Paulo;1990,29;4748,71;41,91;21138247;22,47;16396;20875;-21,46
2020-10-12;DRS 02 Araçatuba;  60,86; 120,14;50,66;  764041;15,72;  476;  404; 17,82
2020-10-12;DRS 03 Araraquara;  46,86; 123,57;37,92;  991435;12,46;  905;  977; -7,37
2020-10-12;DRS 04 Baixada Santista; 106,57; 410,71;25,95; 1831884;22,42;  759; 1054;-27,99
2020-10-12;DRS 05 Barretos;  56,43;  91,00;62,01;  425090;21,41;  605;  539; 12,24
2020-10-12;DRS 06 Bauru; 151,86; 228,43;66,48; 1741281;13,12; 1372; 1392; -1,44
2020-10-12;DRS 07 Campinas; 255,71; 661,57;38,65; 4562125;14,50; 2302; 3301;-30,26
2020-10-12;DRS 08 Franca;  55,43; 110,00;50,39;  696336;15,80;  481;  660;-27,12
2020-10-12;DRS 09 Marília;  63,57; 160,14;39,70; 1109670;14,43;  697;  746; -6,57
2020-10-12;DRS 10 Piracicaba;  78,29; 241,71;32,39; 1539600;15,70;  712;  948;-24,89
2020-10-12;DRS 11 Presidente Prudente;  50,29;  78,29;64,24;  752260;10,41;  647;  731;-11,49
2020-10-12;DRS 12 Registro;  11,71;  39,00;30,03;  278754;13,99;  161;  157;  2,55
2020-10-12;DRS 13 Ribeirão Preto; 151,43; 308,14;49,14; 1477530;20,86; 1569; 1841;-14,77
2020-10-12;DRS 14 São João da Boa Vista;  52,57; 127,00;41,39;  809836;15,68;  602;  578;  4,15
2020-10-12;DRS 15 São José do Rio Preto; 256,57; 442,71;57,95; 1570421;28,19; 2421; 2415;  0,25
2020-10-12;DRS 16 Sorocaba; 110,14; 232,71;47,33; 2461760; 9,45; 1081; 1241;-12,89
2020-10-12;DRS 17 Taubaté; 148,43; 428,71;34,62; 2489629;17,22; 1488; 2164;-31,24
2020-10-12;Estado de São Paulo;3647,00;8552,57;42,64;44639899;19,16;32674;40023;-18,36
2020-10-13;DRS 01 Grande São Paulo;1972,86;4732,57;41,69;21138247;22,39;16286;20715;-21,38
2020-10-13;DRS 02 Araçatuba;  62,00; 120,14;51,61;  764041;15,72;  480;  402; 19,40
2020-10-13;DRS 03 Araraquara;  46,43; 123,57;37,57;  991435;12,46;  890; 1001;-11,09
2020-10-13;DRS 04 Baixada Santista; 106,00; 410,71;25,81; 1831884;22,42;  772; 1043;-25,98
2020-10-13;DRS 05 Barretos;  55,86;  91,00;61,38;  425090;21,41;  610;  530; 15,09
2020-10-13;DRS 06 Bauru; 151,29; 229,14;66,03; 1741281;13,16; 1371; 1379; -0,58
2020-10-13;DRS 07 Campinas; 252,86; 658,29;38,41; 4562125;14,43; 2236; 3286;-31,95
2020-10-13;DRS 08 Franca;  53,57; 110,00;48,70;  696336;15,80;  483;  652;-25,92
2020-10-13;DRS 09 Marília;  63,14; 160,86;39,25; 1109670;14,50;  690;  751; -8,12
2020-10-13;DRS 10 Piracicaba;  76,29; 240,86;31,67; 1539600;15,64;  705;  932;-24,36
2020-10-13;DRS 11 Presidente Prudente;  49,43;  78,14;63,26;  752260;10,39;  637;  727;-12,38
2020-10-13;DRS 12 Registro;  11,86;  39,00;30,41;  278754;13,99;  158;  159; -0,63
2020-10-13;DRS 13 Ribeirão Preto; 145,57; 306,57;47,48; 1477530;20,75; 1564; 1824;-14,25
2020-10-13;DRS 14 São João da Boa Vista;  50,57; 127,43;39,68;  809836;15,74;  601;  577;  4,16
2020-10-13;DRS 15 São José do Rio Preto; 251,57; 442,57;56,84; 1570421;28,18; 2400; 2408; -0,33
2020-10-13;DRS 16 Sorocaba; 111,43; 231,86;48,06; 2461760; 9,42; 1066; 1232;-13,47
2020-10-13;DRS 17 Taubaté; 148,86; 422,14;35,26; 2489629;16,96; 1473; 2129;-30,81
2020-10-13;Estado de São Paulo;3609,57;8524,86;42,34;44639899;19,10;32422;39747;-18,43
2020-10-14;DRS 01 Grande São Paulo;1949,29;4715,57;41,34;21138247;22,31;16089;20450;-21,33
2020-10-14;DRS 02 Araçatuba;  62,86; 120,14;52,32;  764041;15,72;  488;  394; 23,86
2020-10-14;DRS 03 Araraquara;  44,29; 123,57;35,84;  991435;12,46;  884;  980; -9,80
2020-10-14;DRS 04 Baixada Santista; 108,86; 409,00;26,62; 1831884;22,33;  754; 1043;-27,71
2020-10-14;DRS 05 Barretos;  55,57;  91,00;61,07;  425090;21,41;  606;  526; 15,21
2020-10-14;DRS 06 Bauru; 148,14; 229,29;64,61; 1741281;13,17; 1361; 1368; -0,51
2020-10-14;DRS 07 Campinas; 250,43; 655,00;38,23; 4562125;14,36; 2203; 3247;-32,15
2020-10-14;DRS 08 Franca;  50,57; 110,00;45,97;  696336;15,80;  489;  645;-24,19
2020-10-14;DRS 09 Marília;  64,43; 161,00;40,02; 1109670;14,51;  663;  752;-11,84
2020-10-14;DRS 10 Piracicaba;  74,57; 239,86;31,09; 1539600;15,58;  695;  923;-24,70
2020-10-14;DRS 11 Presidente Prudente;  48,14;  78,43;61,38;  752260;10,43;  622;  720;-13,61
2020-10-14;DRS 12 Registro;  11,57;  39,00;29,67;  278754;13,99;  158;  154;  2,60
2020-10-14;DRS 13 Ribeirão Preto; 143,00; 304,71;46,93; 1477530;20,62; 1555; 1814;-14,28
2020-10-14;DRS 14 São João da Boa Vista;  47,86; 127,29;37,60;  809836;15,72;  578;  582; -0,69
2020-10-14;DRS 15 São José do Rio Preto; 246,86; 442,43;55,80; 1570421;28,17; 2373; 2397; -1,00
2020-10-14;DRS 16 Sorocaba; 112,86; 230,86;48,89; 2461760; 9,38; 1062; 1225;-13,31
2020-10-14;DRS 17 Taubaté; 147,57; 415,86;35,49; 2489629;16,70; 1450; 2097;-30,85
2020-10-14;Estado de São Paulo;3566,86;8493,00;42,00;44639899;19,03;32030;39317;-18,53
2020-10-15;DRS 01 Grande São Paulo;1935,14;4709,57;41,09;21138247;22,28;15979;20195;-20,88
2020-10-15;DRS 02 Araçatuba;  63,14; 119,71;52,74;  764041;15,67;  497;  402; 23,63
2020-10-15;DRS 03 Araraquara;  42,29; 123,57;34,22;  991435;12,46;  891;  949; -6,11
2020-10-15;DRS 04 Baixada Santista; 110,29; 408,00;27,03; 1831884;22,27;  757; 1033;-26,72
2020-10-15;DRS 05 Barretos;  54,00;  91,00;59,34;  425090;21,41;  602;  524; 14,89
2020-10-15;DRS 06 Bauru; 145,43; 228,86;63,55; 1741281;13,14; 1356; 1373; -1,24
2020-10-15;DRS 07 Campinas; 243,71; 644,86;37,79; 4562125;14,14; 2140; 3223;-33,60
2020-10-15;DRS 08 Franca;  48,71; 110,14;44,23;  696336;15,82;  486;  628;-22,61
2020-10-15;DRS 09 Marília;  65,29; 160,43;40,70; 1109670;14,46;  656;  758;-13,46
2020-10-15;DRS 10 Piracicaba;  74,14; 238,14;31,13; 1539600;15,47;  680;  911;-25,36
2020-10-15;DRS 11 Presidente Prudente;  46,29;  79,00;58,59;  752260;10,50;  610;  724;-15,75
2020-10-15;DRS 12 Registro;  11,43;  39,00;29,31;  278754;13,99;  154;  151;  1,99
2020-10-15;DRS 13 Ribeirão Preto; 143,43; 303,43;47,27; 1477530;20,54; 1554; 1808;-14,05
2020-10-15;DRS 14 São João da Boa Vista;  46,86; 127,29;36,81;  809836;15,72;  544;  611;-10,97
2020-10-15;DRS 15 São José do Rio Preto; 241,14; 442,29;54,52; 1570421;28,16; 2378; 2373;  0,21
2020-10-15;DRS 16 Sorocaba; 112,86; 230,00;49,07; 2461760; 9,34; 1042; 1226;-15,01
2020-10-15;DRS 17 Taubaté; 146,14; 407,14;35,89; 2489629;16,35; 1440; 2079;-30,74
2020-10-15;Estado de São Paulo;3530,29;8462,43;41,72;44639899;18,96;31766;38968;-18,48
2020-10-16;DRS 01 Grande São Paulo;1908,14;4682,14;40,75;21138247;22,15;15800;20075;-21,30
2020-10-16;DRS 02 Araçatuba;  62,71; 118,57;52,89;  764041;15,52;  500;  405; 23,46
2020-10-16;DRS 03 Araraquara;  40,57; 123,43;32,87;  991435;12,45;  881;  937; -5,98
2020-10-16;DRS 04 Baixada Santista; 111,71; 403,57;27,68; 1831884;22,03;  761; 1025;-25,76
2020-10-16;DRS 05 Barretos;  53,57;  91,00;58,87;  425090;21,41;  591;  533; 10,88
2020-10-16;DRS 06 Bauru; 141,14; 228,29;61,82; 1741281;13,11; 1328; 1386; -4,18
2020-10-16;DRS 07 Campinas; 236,71; 635,57;37,24; 4562125;13,93; 2096; 3181;-34,11
2020-10-16;DRS 08 Franca;  47,57; 110,14;43,19;  696336;15,82;  487;  613;-20,55
2020-10-16;DRS 09 Marília;  66,14; 160,57;41,19; 1109670;14,47;  654;  760;-13,95
2020-10-16;DRS 10 Piracicaba;  72,43; 236,71;30,60; 1539600;15,37;  682;  876;-22,15
2020-10-16;DRS 11 Presidente Prudente;  45,29;  79,14;57,23;  752260;10,52;  615;  712;-13,62
2020-10-16;DRS 12 Registro;  10,43;  39,00;26,74;  278754;13,99;  151;  152; -0,66
2020-10-16;DRS 13 Ribeirão Preto; 143,14; 301,71;47,44; 1477530;20,42; 1540; 1770;-12,99
2020-10-16;DRS 14 São João da Boa Vista;  46,71; 127,14;36,74;  809836;15,70;  542;  613;-11,58
2020-10-16;DRS 15 São José do Rio Preto; 233,86; 440,86;53,05; 1570421;28,07; 2356; 2362; -0,25
2020-10-16;DRS 16 Sorocaba; 114,29; 230,43;49,60; 2461760; 9,36; 1036; 1219;-15,01
2020-10-16;DRS 17 Taubaté; 146,57; 400,00;36,64; 2489629;16,07; 1424; 2045;-30,37
2020-10-16;Estado de São Paulo;3481,00;8408,29;41,40;44639899;18,84;31444;38664;-18,67
2020-10-17;DRS 01 Grande São Paulo;1886,14;4631,29;40,73;21138247;21,91;15692;19885;-21,09
2020-10-17;DRS 02 Araçatuba;  61,57; 118,00;52,18;  764041;15,44;  500;  412; 21,36
2020-10-17;DRS 03 Araraquara;  39,14; 123,29;31,75;  991435;12,44;  869;  922; -5,75
2020-10-17;DRS 04 Baixada Santista; 111,86; 401,43;27,87; 1831884;21,91;  764; 1015;-24,73
2020-10-17;DRS 05 Barretos;  51,86;  91,00;56,99;  425090;21,41;  585;  531; 10,17
2020-10-17;DRS 06 Bauru; 137,86; 228,86;60,24; 1741281;13,14; 1296; 1405; -7,76
2020-10-17;DRS 07 Campinas; 231,00; 623,29;37,06; 4562125;13,66; 2040; 3170;-35,65
2020-10-17;DRS 08 Franca;  47,00; 109,43;42,95;  696336;15,72;  488;  606;-19,47
2020-10-17;DRS 09 Marília;  67,57; 161,43;41,86; 1109670;14,55;  657;  753;-12,75
2020-10-17;DRS 10 Piracicaba;  72,14; 236,00;30,57; 1539600;15,33;  671;  870;-22,87
2020-10-17;DRS 11 Presidente Prudente;  43,29;  78,86;54,89;  752260;10,48;  600;  719;-16,55
2020-10-17;DRS 12 Registro;  10,00;  39,00;25,64;  278754;13,99;  146;  152; -3,95
2020-10-17;DRS 13 Ribeirão Preto; 142,29; 300,14;47,41; 1477530;20,31; 1517; 1757;-13,66
2020-10-17;DRS 14 São João da Boa Vista;  46,57; 127,29;36,59;  809836;15,72;  536;  616;-12,99
2020-10-17;DRS 15 São José do Rio Preto; 226,29; 439,43;51,50; 1570421;27,98; 2332; 2349; -0,72
2020-10-17;DRS 16 Sorocaba; 114,29; 230,43;49,60; 2461760; 9,36; 1016; 1217;-16,52
2020-10-17;DRS 17 Taubaté; 145,14; 392,14;37,01; 2489629;15,75; 1416; 2002;-29,27
2020-10-17;Estado de São Paulo;3434,00;8331,29;41,22;44639899;18,66;31125;38381;-18,91
2020-10-18;DRS 01 Grande São Paulo;1874,29;4588,71;40,85;21138247;21,71;15575;19843;-21,51
2020-10-18;DRS 02 Araçatuba;  60,43; 116,86;51,71;  764041;15,29;  492;  416; 18,27
2020-10-18;DRS 03 Araraquara;  36,57; 122,71;29,80;  991435;12,38;  867;  920; -5,76
2020-10-18;DRS 04 Baixada Santista; 113,71; 400,43;28,40; 1831884;21,86;  753;  997;-24,47
2020-10-18;DRS 05 Barretos;  50,57;  91,00;55,57;  425090;21,41;  567;  538;  5,39
2020-10-18;DRS 06 Bauru; 134,57; 229,43;58,65; 1741281;13,18; 1263; 1396; -9,53
2020-10-18;DRS 07 Campinas; 228,29; 612,00;37,30; 4562125;13,41; 2003; 3170;-36,81
2020-10-18;DRS 08 Franca;  45,57; 109,43;41,64;  696336;15,72;  485;  602;-19,44
2020-10-18;DRS 09 Marília;  68,86; 161,29;42,69; 1109670;14,53;  653;  758;-13,85
2020-10-18;DRS 10 Piracicaba;  72,14; 235,57;30,62; 1539600;15,30;  660;  871;-24,23
2020-10-18;DRS 11 Presidente Prudente;  41,00;  78,29;52,37;  752260;10,41;  591;  716;-17,46
2020-10-18;DRS 12 Registro;   9,14;  39,00;23,44;  278754;13,99;  141;  155; -9,03
2020-10-18;DRS 13 Ribeirão Preto; 140,00; 297,86;47,00; 1477530;20,16; 1506; 1732;-13,05
2020-10-18;DRS 14 São João da Boa Vista;  46,86; 127,43;36,77;  809836;15,74;  514;  641;-19,81
2020-10-18;DRS 15 São José do Rio Preto; 222,57; 437,86;50,83; 1570421;27,88; 2318; 2350; -1,36
2020-10-18;DRS 16 Sorocaba; 113,14; 230,43;49,10; 2461760; 9,36;  997; 1209;-17,54
2020-10-18;DRS 17 Taubaté; 142,00; 387,71;36,63; 2489629;15,57; 1393; 1979;-29,61
2020-10-18;Estado de São Paulo;3399,71;8266,00;41,13;44639899;18,52;30778;38293;-19,62
2020-10-19;DRS 01 Grande São Paulo;1857,86;4548,29;40,85;21138247;21,52;15543;19743;-21,27
2020-10-19;DRS 02 Araçatuba;  59,71; 116,14;51,41;  764041;15,20;  497;  415; 19,76
2020-10-19;DRS 03 Araraquara;  35,57; 122,43;29,05;  991435;12,35;  868;  909; -4,51
2020-10-19;DRS 04 Baixada Santista; 116,43; 400,00;29,11; 1831884;21,84;  768;  971;-20,91
2020-10-19;DRS 05 Barretos;  49,71;  91,00;54,63;  425090;21,41;  566;  539;  5,01
2020-10-19;DRS 06 Bauru; 129,71; 229,14;56,61; 1741281;13,16; 1238; 1421;-12,88
2020-10-19;DRS 07 Campinas; 224,14; 602,14;37,22; 4562125;13,20; 1985; 3135;-36,68
2020-10-19;DRS 08 Franca;  44,14; 109,57;40,28;  696336;15,74;  474;  610;-22,30
2020-10-19;DRS 09 Marília;  71,14; 160,86;44,22; 1109670;14,50;  654;  754;-13,26
2020-10-19;DRS 10 Piracicaba;  70,86; 234,86;30,17; 1539600;15,25;  654;  848;-22,88
2020-10-19;DRS 11 Presidente Prudente;  38,86;  77,86;49,91;  752260;10,35;  578;  714;-19,05
2020-10-19;DRS 12 Registro;   7,71;  39,00;19,77;  278754;13,99;  144;  155; -7,10
2020-10-19;DRS 13 Ribeirão Preto; 140,29; 296,57;47,30; 1477530;20,07; 1495; 1745;-14,33
2020-10-19;DRS 14 São João da Boa Vista;  46,86; 127,00;36,90;  809836;15,68;  511;  642;-20,40
2020-10-19;DRS 15 São José do Rio Preto; 218,43; 437,14;49,97; 1570421;27,84; 2285; 2353; -2,89
2020-10-19;DRS 16 Sorocaba; 111,57; 230,14;48,48; 2461760; 9,35;  998; 1199;-16,76
2020-10-19;DRS 17 Taubaté; 138,71; 385,86;35,95; 2489629;15,50; 1363; 1957;-30,35
2020-10-19;Estado de São Paulo;3361,71;8208,00;40,96;44639899;18,39;30621;38110;-19,65
2020-10-20;DRS 01 Grande São Paulo;1822,00;4501,14;40,48;21138247;21,29;15488;19556;-20,80
2020-10-20;DRS 02 Araçatuba;  59,14; 115,86;51,04;  764041;15,16;  510;  407; 25,31
2020-10-20;DRS 03 Araraquara;  34,43; 122,29;28,15;  991435;12,33;  858;  906; -5,30
2020-10-20;DRS 04 Baixada Santista; 119,71; 399,29;29,98; 1831884;21,80;  777;  962;-19,23
2020-10-20;DRS 05 Barretos;  48,14;  91,00;52,90;  425090;21,41;  560;  544;  2,94
2020-10-20;DRS 06 Bauru; 127,00; 228,43;55,60; 1741281;13,12; 1230; 1421;-13,44
2020-10-20;DRS 07 Campinas; 216,71; 591,14;36,66; 4562125;12,96; 1961; 3076;-36,25
2020-10-20;DRS 08 Franca;  43,29; 109,71;39,46;  696336;15,76;  468;  599;-21,87
2020-10-20;DRS 09 Marília;  70,43; 160,29;43,94; 1109670;14,44;  656;  742;-11,59
2020-10-20;DRS 10 Piracicaba;  68,14; 232,57;29,30; 1539600;15,11;  646;  842;-23,28
2020-10-20;DRS 11 Presidente Prudente;  37,14;  77,57;47,88;  752260;10,31;  578;  713;-18,93
2020-10-20;DRS 12 Registro;   7,00;  39,00;17,95;  278754;13,99;  141;  160;-11,88
2020-10-20;DRS 13 Ribeirão Preto; 138,43; 296,71;46,65; 1477530;20,08; 1487; 1729;-14,00
2020-10-20;DRS 14 São João da Boa Vista;  46,29; 126,71;36,53;  809836;15,65;  509;  635;-19,84
2020-10-20;DRS 15 São José do Rio Preto; 216,86; 433,57;50,02; 1570421;27,61; 2293; 2307; -0,61
2020-10-20;DRS 16 Sorocaba; 110,00; 230,14;47,80; 2461760; 9,35;  996; 1198;-16,86
2020-10-20;DRS 17 Taubaté; 134,29; 385,71;34,82; 2489629;15,49; 1355; 1928;-29,72
2020-10-20;Estado de São Paulo;3299,00;8141,14;40,52;44639899;18,24;30513;37725;-19,12
2020-10-21;DRS 01 Grande São Paulo;1792,57;4454,71;40,24;21138247;21,07;15450;19278;-19,86
2020-10-21;DRS 02 Araçatuba;  57,86; 116,29;49,75;  764041;15,22;  511;  391; 30,69
2020-10-21;DRS 03 Araraquara;  34,57; 122,14;28,30;  991435;12,32;  866;  898; -3,56
2020-10-21;DRS 04 Baixada Santista; 121,43; 397,29;30,56; 1831884;21,69;  788;  943;-16,44
2020-10-21;DRS 05 Barretos;  47,14;  92,14;51,16;  425090;21,68;  563;  539;  4,45
2020-10-21;DRS 06 Bauru; 125,14; 228,43;54,78; 1741281;13,12; 1224; 1425;-14,11
2020-10-21;DRS 07 Campinas; 209,00; 580,00;36,03; 4562125;12,71; 1924; 3016;-36,21
2020-10-21;DRS 08 Franca;  42,71; 109,86;38,88;  696336;15,78;  464;  596;-22,15
2020-10-21;DRS 09 Marília;  68,29; 160,29;42,60; 1109670;14,44;  651;  739;-11,91
2020-10-21;DRS 10 Piracicaba;  65,00; 232,14;28,00; 1539600;15,08;  639;  819;-21,98
2020-10-21;DRS 11 Presidente Prudente;  35,14;  77,00;45,64;  752260;10,24;  571;  696;-17,96
2020-10-21;DRS 12 Registro;   7,00;  39,00;17,95;  278754;13,99;  138;  162;-14,81
2020-10-21;DRS 13 Ribeirão Preto; 135,57; 297,14;45,62; 1477530;20,11; 1463; 1704;-14,14
2020-10-21;DRS 14 São João da Boa Vista;  46,14; 127,00;36,33;  809836;15,68;  501;  624;-19,71
2020-10-21;DRS 15 São José do Rio Preto; 216,43; 428,86;50,47; 1570421;27,31; 2275; 2293; -0,78
2020-10-21;DRS 16 Sorocaba; 107,14; 230,14;46,55; 2461760; 9,35;  980; 1205;-18,67
2020-10-21;DRS 17 Taubaté; 131,14; 386,57;33,92; 2489629;15,53; 1318; 1923;-31,46
2020-10-21;Estado de São Paulo;3242,29;8079,00;40,13;44639899;18,10;30326;37251;-18,59
2020-10-22;DRS 01 Grande São Paulo;1763,29;4390,14;40,16;21138247;20,77;15469;18934;-18,30
2020-10-22;DRS 02 Araçatuba;  56,71; 116,14;48,83;  764041;15,20;  507;  397; 27,71
2020-10-22;DRS 03 Araraquara;  34,57; 122,00;28,34;  991435;12,31;  864;  893; -3,25
2020-10-22;DRS 04 Baixada Santista; 122,71; 395,00;31,07; 1831884;21,56;  808;  923;-12,46
2020-10-22;DRS 05 Barretos;  46,86;  92,14;50,86;  425090;21,68;  555;  541;  2,59
2020-10-22;DRS 06 Bauru; 122,71; 228,14;53,79; 1741281;13,10; 1214; 1412;-14,02
2020-10-22;DRS 07 Campinas; 204,00; 574,57;35,50; 4562125;12,59; 1894; 2958;-35,97
2020-10-22;DRS 08 Franca;  43,14; 109,71;39,32;  696336;15,76;  466;  573;-18,67
2020-10-22;DRS 09 Marília;  67,29; 161,00;41,80; 1109670;14,51;  652;  726;-10,19
2020-10-22;DRS 10 Piracicaba;  62,71; 230,71;27,18; 1539600;14,99;  618;  807;-23,42
2020-10-22;DRS 11 Presidente Prudente;  33,86;  76,29;44,38;  752260;10,14;  561;  688;-18,46
2020-10-22;DRS 12 Registro;   7,14;  39,00;18,31;  278754;13,99;  134;  168;-20,24
2020-10-22;DRS 13 Ribeirão Preto; 130,14; 295,86;43,99; 1477530;20,02; 1434; 1679;-14,59
2020-10-22;DRS 14 São João da Boa Vista;  45,86; 127,43;35,99;  809836;15,74;  503;  610;-17,54
2020-10-22;DRS 15 São José do Rio Preto; 216,43; 423,86;51,06; 1570421;26,99; 2253; 2284; -1,36
2020-10-22;DRS 16 Sorocaba; 105,86; 231,14;45,80; 2461760; 9,39;  973; 1200;-18,92
2020-10-22;DRS 17 Taubaté; 128,14; 388,14;33,01; 2489629;15,59; 1317; 1856;-29,04
2020-10-22;Estado de São Paulo;3191,43;8001,29;39,89;44639899;17,92;30222;36649;-17,54
2020-10-23;DRS 01 Grande São Paulo;1747,71;4344,71;40,23;21138247;20,55;15427;18710;-17,55
2020-10-23;DRS 02 Araçatuba;  55,86; 116,29;48,04;  764041;15,22;  499;  401; 24,44
2020-10-23;DRS 03 Araraquara;  34,14; 122,00;27,98;  991435;12,31;  866;  880; -1,59
2020-10-23;DRS 04 Baixada Santista; 125,43; 393,43;31,88; 1831884;21,48;  812;  920;-11,74
2020-10-23;DRS 05 Barretos;  44,71;  92,14;48,52;  425090;21,68;  548;  534;  2,62
2020-10-23;DRS 06 Bauru; 121,71; 228,14;53,35; 1741281;13,10; 1196; 1417;-15,60
2020-10-23;DRS 07 Campinas; 200,57; 567,86;35,32; 4562125;12,45; 1895; 2890;-34,43
2020-10-23;DRS 08 Franca;  43,00; 109,71;39,19;  696336;15,76;  462;  563;-17,94
2020-10-23;DRS 09 Marília;  66,43; 161,00;41,26; 1109670;14,51;  653;  712; -8,29
2020-10-23;DRS 10 Piracicaba;  60,86; 229,00;26,58; 1539600;14,87;  605;  791;-23,51
2020-10-23;DRS 11 Presidente Prudente;  32,00;  75,71;42,27;  752260;10,06;  552;  676;-18,34
2020-10-23;DRS 12 Registro;   7,86;  39,00;20,15;  278754;13,99;  133;  171;-22,22
2020-10-23;DRS 13 Ribeirão Preto; 124,86; 293,57;42,53; 1477530;19,87; 1403; 1643;-14,61
2020-10-23;DRS 14 São João da Boa Vista;  43,86; 127,86;34,30;  809836;15,79;  496;  611;-18,82
2020-10-23;DRS 15 São José do Rio Preto; 215,43; 420,43;51,24; 1570421;26,77; 2241; 2242; -0,04
2020-10-23;DRS 16 Sorocaba; 103,86; 230,71;45,02; 2461760; 9,37;  959; 1208;-20,61
2020-10-23;DRS 17 Taubaté; 125,71; 387,71;32,42; 2489629;15,57; 1307; 1853;-29,47
2020-10-23;Estado de São Paulo;3154,00;7939,29;39,73;44639899;17,79;30054;36222;-17,03
2020-10-24;DRS 01 Grande São Paulo;1731,43;4332,43;39,96;21138247;20,50;15382;18457;-16,66
2020-10-24;DRS 02 Araçatuba;  54,86; 116,57;47,06;  764041;15,26;  494;  400; 23,50
2020-10-24;DRS 03 Araraquara;  33,86; 122,00;27,75;  991435;12,31;  847;  883; -4,08
2020-10-24;DRS 04 Baixada Santista; 129,14; 392,14;32,93; 1831884;21,41;  829;  875; -5,26
2020-10-24;DRS 05 Barretos;  43,43;  91,43;47,50;  425090;21,51;  540;  541; -0,18
2020-10-24;DRS 06 Bauru; 121,86; 227,71;53,52; 1741281;13,08; 1191; 1394;-14,56
2020-10-24;DRS 07 Campinas; 196,86; 564,00;34,90; 4562125;12,36; 1875; 2821;-33,53
2020-10-24;DRS 08 Franca;  43,14; 109,71;39,32;  696336;15,76;  458;  550;-16,73
2020-10-24;DRS 09 Marília;  64,14; 161,14;39,80; 1109670;14,52;  649;  698; -7,02
2020-10-24;DRS 10 Piracicaba;  58,00; 227,71;25,47; 1539600;14,79;  593;  765;-22,48
2020-10-24;DRS 11 Presidente Prudente;  31,29;  75,57;41,41;  752260;10,05;  547;  678;-19,32
2020-10-24;DRS 12 Registro;   8,57;  39,00;21,97;  278754;13,99;  133;  168;-20,83
2020-10-24;DRS 13 Ribeirão Preto; 119,43; 290,57;41,10; 1477530;19,67; 1382; 1637;-15,58
2020-10-24;DRS 14 São João da Boa Vista;  42,57; 127,43;33,41;  809836;15,74;  486;  622;-21,86
2020-10-24;DRS 15 São José do Rio Preto; 215,57; 416,43;51,77; 1570421;26,52; 2230; 2218;  0,54
2020-10-24;DRS 16 Sorocaba; 102,00; 230,29;44,29; 2461760; 9,35;  946; 1200;-21,17
2020-10-24;DRS 17 Taubaté; 124,14; 387,43;32,04; 2489629;15,56; 1280; 1829;-30,02
2020-10-24;Estado de São Paulo;3120,29;7911,57;39,44;44639899;17,72;29862;35736;-16,44
2020-10-25;DRS 01 Grande São Paulo;1720,14;4316,29;39,85;21138247;20,42;15315;18224;-15,96
2020-10-25;DRS 02 Araçatuba;  53,86; 117,00;46,03;  764041;15,31;  501;  393; 27,48
2020-10-25;DRS 03 Araraquara;  34,43; 121,86;28,25;  991435;12,29;  848;  882; -3,85
2020-10-25;DRS 04 Baixada Santista; 132,43; 391,14;33,86; 1831884;21,35;  829;  861; -3,72
2020-10-25;DRS 05 Barretos;  41,71;  91,00;45,84;  425090;21,41;  531;  531;  0,00
2020-10-25;DRS 06 Bauru; 122,14; 228,00;53,57; 1741281;13,09; 1182; 1389;-14,90
2020-10-25;DRS 07 Campinas; 192,43; 558,57;34,45; 4562125;12,24; 1848; 2777;-33,45
2020-10-25;DRS 08 Franca;  43,71; 109,00;40,10;  696336;15,65;  454;  537;-15,46
2020-10-25;DRS 09 Marília;  64,00; 160,86;39,79; 1109670;14,50;  651;  693; -6,06
2020-10-25;DRS 10 Piracicaba;  56,29; 226,57;24,84; 1539600;14,72;  594;  752;-21,01
2020-10-25;DRS 11 Presidente Prudente;  30,14;  75,57;39,88;  752260;10,05;  545;  663;-17,80
2020-10-25;DRS 12 Registro;   9,57;  39,00;24,54;  278754;13,99;  133;  172;-22,67
2020-10-25;DRS 13 Ribeirão Preto; 115,71; 287,57;40,24; 1477530;19,46; 1363; 1614;-15,55
2020-10-25;DRS 14 São João da Boa Vista;  42,43; 126,57;33,52;  809836;15,63;  477;  625;-23,68
2020-10-25;DRS 15 São José do Rio Preto; 213,71; 412,43;51,82; 1570421;26,26; 2213; 2219; -0,27
2020-10-25;DRS 16 Sorocaba; 101,14; 229,86;44,00; 2461760; 9,34;  933; 1186;-21,33
2020-10-25;DRS 17 Taubaté; 123,57; 387,71;31,87; 2489629;15,57; 1279; 1801;-28,98
2020-10-25;Estado de São Paulo;3097,43;7879,00;39,31;44639899;17,65;29696;35319;-15,92
2020-10-26;DRS 01 Grande São Paulo;1708,43;4292,71;39,80;21138247;20,31;15265;18045;-15,41
2020-10-26;DRS 02 Araçatuba;  52,43; 117,43;44,65;  764041;15,37;  507;  385; 31,69
2020-10-26;DRS 03 Araraquara;  33,71; 121,86;27,66;  991435;12,29;  836;  884; -5,43
2020-10-26;DRS 04 Baixada Santista; 134,71; 389,43;34,59; 1831884;21,26;  840;  860; -2,33
2020-10-26;DRS 05 Barretos;  40,29;  90,57;44,48;  425090;21,31;  518;  539; -3,90
2020-10-26;DRS 06 Bauru; 122,43; 228,43;53,60; 1741281;13,12; 1161; 1404;-17,31
2020-10-26;DRS 07 Campinas; 189,29; 554,29;34,15; 4562125;12,15; 1818; 2747;-33,82
2020-10-26;DRS 08 Franca;  43,86; 108,14;40,56;  696336;15,53;  440;  532;-17,29
2020-10-26;DRS 09 Marília;  63,00; 160,86;39,16; 1109670;14,50;  663;  680; -2,50
2020-10-26;DRS 10 Piracicaba;  54,71; 223,86;24,44; 1539600;14,54;  584;  750;-22,13
2020-10-26;DRS 11 Presidente Prudente;  29,29;  75,43;38,83;  752260;10,03;  537;  656;-18,14
2020-10-26;DRS 12 Registro;  11,14;  39,00;28,56;  278754;13,99;  133;  174;-23,56
2020-10-26;DRS 13 Ribeirão Preto; 112,57; 284,29;39,60; 1477530;19,24; 1351; 1597;-15,40
2020-10-26;DRS 14 São João da Boa Vista;  41,14; 125,71;32,73;  809836;15,52;  476;  623;-23,60
2020-10-26;DRS 15 São José do Rio Preto; 212,71; 408,14;52,12; 1570421;25,99; 2187; 2208; -0,95
2020-10-26;DRS 16 Sorocaba;  99,86; 230,14;43,39; 2461760; 9,35;  937; 1187;-21,06
2020-10-26;DRS 17 Taubaté; 122,14; 386,57;31,60; 2489629;15,53; 1269; 1787;-28,99
2020-10-26;Estado de São Paulo;3071,71;7836,86;39,20;44639899;17,56;29522;35058;-15,79
2020-10-27;DRS 01 Grande São Paulo;1712,57;4280,86;40,01;21138247;20,25;15221;17887;-14,90
2020-10-27;DRS 02 Araçatuba;  50,86; 117,71;43,21;  764041;15,41;  496;  386; 28,50
2020-10-27;DRS 03 Araraquara;  34,14; 121,43;28,11;  991435;12,25;  835;  893; -6,49
2020-10-27;DRS 04 Baixada Santista; 135,71; 388,14;34,96; 1831884;21,19;  842;  869; -3,11
2020-10-27;DRS 05 Barretos;  38,71;  90,14;42,94;  425090;21,20;  504;  543; -7,18
2020-10-27;DRS 06 Bauru; 122,00; 228,43;53,41; 1741281;13,12; 1163; 1398;-16,81
2020-10-27;DRS 07 Campinas; 186,43; 550,00;33,90; 4562125;12,06; 1816; 2668;-31,93
2020-10-27;DRS 08 Franca;  43,29; 107,29;40,35;  696336;15,41;  431;  528;-18,37
2020-10-27;DRS 09 Marília;  63,86; 161,00;39,66; 1109670;14,51;  661;  682; -3,08
2020-10-27;DRS 10 Piracicaba;  53,86; 222,71;24,18; 1539600;14,47;  578;  740;-21,89
2020-10-27;DRS 11 Presidente Prudente;  28,71;  75,14;38,21;  752260; 9,99;  528;  661;-20,12
2020-10-27;DRS 12 Registro;  12,29;  39,00;31,51;  278754;13,99;  133;  168;-20,83
2020-10-27;DRS 13 Ribeirão Preto; 112,00; 281,43;39,80; 1477530;19,05; 1338; 1578;-15,21
2020-10-27;DRS 14 São João da Boa Vista;  39,86; 124,71;31,96;  809836;15,40;  481;  616;-21,92
2020-10-27;DRS 15 São José do Rio Preto; 210,57; 406,29;51,83; 1570421;25,87; 2160; 2205; -2,04
2020-10-27;DRS 16 Sorocaba;  99,14; 229,57;43,19; 2461760; 9,33;  927; 1192;-22,23
2020-10-27;DRS 17 Taubaté; 122,29; 386,00;31,68; 2489629;15,50; 1263; 1736;-27,25
2020-10-27;Estado de São Paulo;3066,29;7809,86;39,26;44639899;17,50;29377;34750;-15,46
2020-10-28;DRS 01 Grande São Paulo;1717,00;4272,14;40,19;21138247;20,21;15156;17832;-15,01
2020-10-28;DRS 02 Araçatuba;  49,43; 117,29;42,14;  764041;15,35;  488;  390; 25,13
2020-10-28;DRS 03 Araraquara;  33,86; 121,00;27,98;  991435;12,20;  817;  897; -8,92
2020-10-28;DRS 04 Baixada Santista; 134,71; 383,14;35,16; 1831884;20,92;  866;  866;  0,00
2020-10-28;DRS 05 Barretos;  39,29;  88,57;44,36;  425090;20,84;  505;  542; -6,83
2020-10-28;DRS 06 Bauru; 120,71; 227,86;52,98; 1741281;13,09; 1163; 1389;-16,27
2020-10-28;DRS 07 Campinas; 182,86; 546,29;33,47; 4562125;11,97; 1808; 2618;-30,94
2020-10-28;DRS 08 Franca;  43,86; 105,86;41,43;  696336;15,20;  426;  518;-17,76
2020-10-28;DRS 09 Marília;  65,57; 161,14;40,69; 1109670;14,52;  651;  677; -3,84
2020-10-28;DRS 10 Piracicaba;  52,29; 218,57;23,92; 1539600;14,20;  557;  751;-25,83
2020-10-28;DRS 11 Presidente Prudente;  29,00;  75,14;38,59;  752260; 9,99;  527;  653;-19,30
2020-10-28;DRS 12 Registro;  13,14;  39,00;33,69;  278754;13,99;  131;  172;-23,84
2020-10-28;DRS 13 Ribeirão Preto; 109,14; 279,29;39,08; 1477530;18,90; 1302; 1572;-17,18
2020-10-28;DRS 14 São João da Boa Vista;  38,86; 123,71;31,41;  809836;15,28;  476;  603;-21,06
2020-10-28;DRS 15 São José do Rio Preto; 207,00; 405,43;51,06; 1570421;25,82; 2104; 2229; -5,61
2020-10-28;DRS 16 Sorocaba;  99,71; 229,71;43,41; 2461760; 9,33;  923; 1176;-21,51
2020-10-28;DRS 17 Taubaté; 121,00; 384,71;31,45; 2489629;15,45; 1234; 1724;-28,42
2020-10-28;Estado de São Paulo;3057,43;7778,86;39,30;44639899;17,43;29134;34609;-15,82
2020-10-29;DRS 01 Grande São Paulo;1723,86;4262,57;40,44;21138247;20,17;15123;17634;-14,24
2020-10-29;DRS 02 Araçatuba;  48,86; 117,57;41,56;  764041;15,39;  479;  403; 18,86
2020-10-29;DRS 03 Araraquara;  34,00; 120,71;28,17;  991435;12,18;  832;  897; -7,25
2020-10-29;DRS 04 Baixada Santista; 136,86; 382,43;35,79; 1831884;20,88;  872;  877; -0,57
2020-10-29;DRS 05 Barretos;  38,29;  88,14;43,44;  425090;20,73;  486;  548;-11,31
2020-10-29;DRS 06 Bauru; 119,29; 227,57;52,42; 1741281;13,07; 1159; 1375;-15,71
2020-10-29;DRS 07 Campinas; 178,71; 543,43;32,89; 4562125;11,91; 1779; 2576;-30,94
2020-10-29;DRS 08 Franca;  43,00; 104,57;41,12;  696336;15,02;  420;  511;-17,81
2020-10-29;DRS 09 Marília;  66,29; 161,29;41,10; 1109670;14,53;  658;  667; -1,35
2020-10-29;DRS 10 Piracicaba;  50,43; 215,86;23,36; 1539600;14,02;  540;  752;-28,19
2020-10-29;DRS 11 Presidente Prudente;  29,43;  75,00;39,24;  752260; 9,97;  509;  658;-22,64
2020-10-29;DRS 12 Registro;  13,43;  39,00;34,44;  278754;13,99;  126;  174;-27,59
2020-10-29;DRS 13 Ribeirão Preto; 107,00; 277,71;38,53; 1477530;18,80; 1279; 1564;-18,22
2020-10-29;DRS 14 São João da Boa Vista;  37,86; 122,57;30,89;  809836;15,14;  480;  598;-19,73
2020-10-29;DRS 15 São José do Rio Preto; 203,86; 404,71;50,37; 1570421;25,77; 2065; 2248; -8,14
2020-10-29;DRS 16 Sorocaba; 100,57; 229,00;43,92; 2461760; 9,30;  908; 1173;-22,59
2020-10-29;DRS 17 Taubaté; 121,86; 384,43;31,70; 2489629;15,44; 1215; 1705;-28,74
2020-10-29;Estado de São Paulo;3053,57;7756,57;39,37;44639899;17,38;28930;34360;-15,80
2020-10-30;DRS 01 Grande São Paulo;1722,57;4225,57;40,77;21138247;19,99;15104;17486;-13,62
2020-10-30;DRS 02 Araçatuba;  48,00; 117,43;40,88;  764041;15,37;  477;  405; 17,78
2020-10-30;DRS 03 Araraquara;  34,57; 119,71;28,88;  991435;12,07;  831;  899; -7,56
2020-10-30;DRS 04 Baixada Santista; 137,86; 381,71;36,12; 1831884;20,84;  890;  865;  2,89
2020-10-30;DRS 05 Barretos;  37,43;  87,71;42,67;  425090;20,63;  470;  556;-15,47
2020-10-30;DRS 06 Bauru; 118,43; 227,57;52,04; 1741281;13,07; 1137; 1369;-16,95
2020-10-30;DRS 07 Campinas; 175,14; 538,71;32,51; 4562125;11,81; 1741; 2538;-31,40
2020-10-30;DRS 08 Franca;  42,57; 103,29;41,21;  696336;14,83;  408;  511;-20,16
2020-10-30;DRS 09 Marília;  67,00; 161,43;41,50; 1109670;14,55;  646;  665; -2,86
2020-10-30;DRS 10 Piracicaba;  48,57; 212,00;22,91; 1539600;13,77;  531;  737;-27,95
2020-10-30;DRS 11 Presidente Prudente;  29,86;  74,29;40,19;  752260; 9,88;  503;  650;-22,62
2020-10-30;DRS 12 Registro;  13,29;  39,00;34,08;  278754;13,99;  120;  176;-31,82
2020-10-30;DRS 13 Ribeirão Preto; 103,86; 276,86;37,51; 1477530;18,74; 1247; 1558;-19,96
2020-10-30;DRS 14 São João da Boa Vista;  37,43; 121,29;30,86;  809836;14,98;  479;  591;-18,95
2020-10-30;DRS 15 São José do Rio Preto; 200,71; 403,71;49,72; 1570421;25,71; 2019; 2265;-10,86
2020-10-30;DRS 16 Sorocaba; 100,57; 228,86;43,94; 2461760; 9,30;  909; 1157;-21,43
2020-10-30;DRS 17 Taubaté; 122,57; 384,86;31,85; 2489629;15,46; 1195; 1695;-29,50
2020-10-30;Estado de São Paulo;3040,43;7704,00;39,47;44639899;17,26;28707;34123;-15,87
2020-10-31;DRS 01 Grande São Paulo;1727,57;4194,43;41,19;21138247;19,84;15090;17328;-12,92
2020-10-31;DRS 02 Araçatuba;  46,71; 117,43;39,78;  764041;15,37;  482;  402; 19,90
2020-10-31;DRS 03 Araraquara;  34,43; 118,71;29,00;  991435;11,97;  835;  898; -7,02
2020-10-31;DRS 04 Baixada Santista; 138,29; 381,14;36,28; 1831884;20,81;  890;  867;  2,65
2020-10-31;DRS 05 Barretos;  36,86;  88,00;41,89;  425090;20,70;  459;  559;-17,89
2020-10-31;DRS 06 Bauru; 116,43; 227,29;51,23; 1741281;13,05; 1120; 1377;-18,66
2020-10-31;DRS 07 Campinas; 173,14; 535,00;32,36; 4562125;11,73; 1695; 2508;-32,42
2020-10-31;DRS 08 Franca;  41,57; 102,71;40,47;  696336;14,75;  415;  505;-17,82
2020-10-31;DRS 09 Marília;  66,86; 161,43;41,42; 1109670;14,55;  641;  664; -3,46
2020-10-31;DRS 10 Piracicaba;  47,00; 209,00;22,49; 1539600;13,57;  509;  730;-30,27
2020-10-31;DRS 11 Presidente Prudente;  30,43;  73,43;41,44;  752260; 9,76;  495;  646;-23,37
2020-10-31;DRS 12 Registro;  12,71;  39,00;32,59;  278754;13,99;  125;  171;-26,90
2020-10-31;DRS 13 Ribeirão Preto; 101,00; 276,57;36,52; 1477530;18,72; 1205; 1575;-23,49
2020-10-31;DRS 14 São João da Boa Vista;  37,14; 120,71;30,77;  809836;14,91;  477;  590;-19,15
2020-10-31;DRS 15 São José do Rio Preto; 195,43; 401,43;48,68; 1570421;25,56; 1974; 2275;-13,23
2020-10-31;DRS 16 Sorocaba; 100,86; 228,57;44,13; 2461760; 9,28;  895; 1156;-22,58
2020-10-31;DRS 17 Taubaté; 123,71; 385,14;32,12; 2489629;15,47; 1177; 1664;-29,27
2020-10-31;Estado de São Paulo;3030,14;7660,00;39,56;44639899;17,16;28484;33915;-16,01
2020-11-01;DRS 01 Grande São Paulo;1728,43;4174,57;41,40;21138247;19,75;15048;17166;-12,34
2020-11-01;DRS 02 Araçatuba;  46,14; 117,43;39,29;  764041;15,37;  472;  413; 14,29
2020-11-01;DRS 03 Araraquara;  34,14; 118,14;28,90;  991435;11,92;  815;  904; -9,85
2020-11-01;DRS 04 Baixada Santista; 137,43; 379,57;36,21; 1831884;20,72;  893;  854;  4,57
2020-11-01;DRS 05 Barretos;  36,00;  88,00;40,91;  425090;20,70;  432;  573;-24,61
2020-11-01;DRS 06 Bauru; 114,86; 227,57;50,47; 1741281;13,07; 1088; 1387;-21,56
2020-11-01;DRS 07 Campinas; 169,86; 531,86;31,94; 4562125;11,66; 1658; 2488;-33,36
2020-11-01;DRS 08 Franca;  40,29; 102,00;39,50;  696336;14,65;  401;  504;-20,44
2020-11-01;DRS 09 Marília;  63,86; 162,00;39,42; 1109670;14,60;  626;  674; -7,12
2020-11-01;DRS 10 Piracicaba;  44,29; 204,43;21,67; 1539600;13,28;  489;  732;-33,20
2020-11-01;DRS 11 Presidente Prudente;  30,43;  72,43;42,01;  752260; 9,63;  478;  642;-25,55
2020-11-01;DRS 12 Registro;  11,71;  39,00;30,03;  278754;13,99;  125;  168;-25,60
2020-11-01;DRS 13 Ribeirão Preto;  98,00; 277,29;35,34; 1477530;18,77; 1174; 1566;-25,03
2020-11-01;DRS 14 São João da Boa Vista;  36,71; 119,14;30,81;  809836;14,71;  468;  593;-21,08
2020-11-01;DRS 15 São José do Rio Preto; 189,86; 399,14;47,57; 1570421;25,42; 1915; 2278;-15,94
2020-11-01;DRS 16 Sorocaba; 103,00; 228,14;45,15; 2461760; 9,27;  881; 1162;-24,18
2020-11-01;DRS 17 Taubaté; 123,57; 385,29;32,07; 2489629;15,48; 1176; 1626;-27,68
2020-11-01;Estado de São Paulo;3008,57;7626,00;39,45;44639899;17,08;28139;33730;-16,58
2020-11-02;DRS 01 Grande São Paulo;1735,29;4147,71;41,84;21138247;19,62;14932;17111;-12,73
2020-11-02;DRS 02 Araçatuba;  45,86; 117,57;39,01;  764041;15,39;  465;  418; 11,24
2020-11-02;DRS 03 Araraquara;  35,00; 117,71;29,73;  991435;11,87;  806;  907;-11,14
2020-11-02;DRS 04 Baixada Santista; 138,00; 378,00;36,51; 1831884;20,63;  915;  836;  9,45
2020-11-02;DRS 05 Barretos;  35,86;  88,00;40,75;  425090;20,70;  415;  587;-29,30
2020-11-02;DRS 06 Bauru; 112,86; 229,29;49,22; 1741281;13,17; 1061; 1402;-24,32
2020-11-02;DRS 07 Campinas; 167,43; 523,00;32,01; 4562125;11,46; 1608; 2508;-35,89
2020-11-02;DRS 08 Franca;  37,29; 101,29;36,82;  696336;14,55;  380;  518;-26,64
2020-11-02;DRS 09 Marília;  61,00; 162,00;37,65; 1109670;14,60;  616;  681; -9,54
2020-11-02;DRS 10 Piracicaba;  42,43; 202,86;20,92; 1539600;13,18;  476;  715;-33,43
2020-11-02;DRS 11 Presidente Prudente;  30,29;  71,43;42,41;  752260; 9,50;  467;  645;-27,60
2020-11-02;DRS 12 Registro;  10,86;  39,00;27,85;  278754;13,99;  124;  169;-26,63
2020-11-02;DRS 13 Ribeirão Preto;  94,14; 277,00;33,99; 1477530;18,75; 1149; 1579;-27,23
2020-11-02;DRS 14 São João da Boa Vista;  36,71; 117,43;31,26;  809836;14,50;  463;  600;-22,83
2020-11-02;DRS 15 São José do Rio Preto; 184,43; 395,43;46,64; 1570421;25,18; 1874; 2291;-18,20
2020-11-02;DRS 16 Sorocaba; 104,00; 225,71;46,08; 2461760; 9,17;  870; 1155;-24,68
2020-11-02;DRS 17 Taubaté; 123,29; 386,86;31,87; 2489629;15,54; 1167; 1604;-27,24
2020-11-02;Estado de São Paulo;2994,71;7580,29;39,51;44639899;16,98;27788;33726;-17,61
2020-11-03;DRS 01 Grande São Paulo;1735,00;4119,14;42,12;21138247;19,49;14780;17106;-13,60
2020-11-03;DRS 02 Araçatuba;  46,00; 118,00;38,98;  764041;15,44;  457;  429;  6,53
2020-11-03;DRS 03 Araraquara;  35,71; 117,29;30,45;  991435;11,83;  789;  914;-13,68
2020-11-03;DRS 04 Baixada Santista; 138,57; 375,86;36,87; 1831884;20,52;  923;  816; 13,11
2020-11-03;DRS 05 Barretos;  35,29;  88,00;40,10;  425090;20,70;  393;  594;-33,84
2020-11-03;DRS 06 Bauru; 109,57; 230,00;47,64; 1741281;13,21; 1032; 1414;-27,02
2020-11-03;DRS 07 Campinas; 166,57; 516,57;32,25; 4562125;11,32; 1571; 2515;-37,53
2020-11-03;DRS 08 Franca;  35,14; 100,71;34,89;  696336;14,46;  371;  510;-27,25
2020-11-03;DRS 09 Marília;  58,71; 162,00;36,24; 1109670;14,60;  611;  680;-10,15
2020-11-03;DRS 10 Piracicaba;  41,43; 196,29;21,11; 1539600;12,75;  463;  719;-35,61
2020-11-03;DRS 11 Presidente Prudente;  30,57;  70,57;43,32;  752260; 9,38;  454;  643;-29,39
2020-11-03;DRS 12 Registro;   9,86;  39,00;25,28;  278754;13,99;  123;  166;-25,90
2020-11-03;DRS 13 Ribeirão Preto;  89,14; 276,86;32,20; 1477530;18,74; 1099; 1594;-31,05
2020-11-03;DRS 14 São João da Boa Vista;  37,00; 115,86;31,94;  809836;14,31;  451;  609;-25,94
2020-11-03;DRS 15 São José do Rio Preto; 180,14; 391,43;46,02; 1570421;24,93; 1834; 2300;-20,26
2020-11-03;DRS 16 Sorocaba; 103,14; 224,14;46,02; 2461760; 9,10;  876; 1136;-22,89
2020-11-03;DRS 17 Taubaté; 123,43; 387,57;31,85; 2489629;15,57; 1155; 1580;-26,90
2020-11-03;Estado de São Paulo;2975,29;7529,29;39,52;44639899;16,87;27382;33725;-18,81
2020-11-04;DRS 01 Grande São Paulo;1738,57;4086,86;42,54;21138247;19,33;14655;17060;-14,10
2020-11-04;DRS 02 Araçatuba;  46,57; 118,57;39,28;  764041;15,52;  442;  448; -1,34
2020-11-04;DRS 03 Araraquara;  36,71; 116,86;31,41;  991435;11,79;  757;  929;-18,51
2020-11-04;DRS 04 Baixada Santista; 140,29; 379,29;36,99; 1831884;20,70;  921;  817; 12,73
2020-11-04;DRS 05 Barretos;  33,14;  88,00;37,66;  425090;20,70;  375;  603;-37,81
2020-11-04;DRS 06 Bauru; 108,14; 230,43;46,93; 1741281;13,23;  996; 1416;-29,66
2020-11-04;DRS 07 Campinas; 167,43; 513,14;32,63; 4562125;11,25; 1561; 2478;-37,01
2020-11-04;DRS 08 Franca;  32,71; 101,29;32,29;  696336;14,55;  366;  511;-28,38
2020-11-04;DRS 09 Marília;  56,14; 161,86;34,68; 1109670;14,59;  601;  684;-12,13
2020-11-04;DRS 10 Piracicaba;  40,71; 191,14;21,30; 1539600;12,41;  444;  734;-39,51
2020-11-04;DRS 11 Presidente Prudente;  30,14;  70,00;43,06;  752260; 9,31;  430;  655;-34,35
2020-11-04;DRS 12 Registro;   8,71;  39,00;22,33;  278754;13,99;  124;  164;-24,39
2020-11-04;DRS 13 Ribeirão Preto;  86,14; 275,86;31,23; 1477530;18,67; 1064; 1602;-33,58
2020-11-04;DRS 14 São João da Boa Vista;  36,71; 114,29;32,12;  809836;14,11;  441;  616;-28,41
2020-11-04;DRS 15 São José do Rio Preto; 177,14; 387,86;45,67; 1570421;24,70; 1766; 2347;-24,76
2020-11-04;DRS 16 Sorocaba; 101,14; 221,86;45,59; 2461760; 9,01;  864; 1148;-24,74
2020-11-04;DRS 17 Taubaté; 124,71; 387,57;32,18; 2489629;15,57; 1135; 1558;-27,15
2020-11-04;Estado de São Paulo;2965,14;7483,86;39,62;44639899;16,76;26942;33770;-20,22
2020-11-05;DRS 01 Grande São Paulo;1745,86;4060,86;42,99;21138247;19,21;14559;16935;-14,03
2020-11-05;DRS 02 Araçatuba;  46,43; 118,71;39,11;  764041;15,54;  430;  452; -4,87
2020-11-05;DRS 03 Araraquara;  38,29; 116,43;32,89;  991435;11,74;  741;  934;-20,66
2020-11-05;DRS 04 Baixada Santista; 139,29; 378,29;36,82; 1831884;20,65;  927;  797; 16,31
2020-11-05;DRS 05 Barretos;  31,86;  88,71;35,91;  425090;20,87;  351;  615;-42,93
2020-11-05;DRS 06 Bauru; 107,43; 230,43;46,62; 1741281;13,23;  982; 1405;-30,11
2020-11-05;DRS 07 Campinas; 168,00; 509,71;32,96; 4562125;11,17; 1518; 2445;-37,91
2020-11-05;DRS 08 Franca;  31,14; 102,14;30,49;  696336;14,67;  359;  505;-28,91
2020-11-05;DRS 09 Marília;  54,14; 161,71;33,48; 1109670;14,57;  583;  686;-15,01
2020-11-05;DRS 10 Piracicaba;  39,86; 185,71;21,46; 1539600;12,06;  441;  718;-38,58
2020-11-05;DRS 11 Presidente Prudente;  29,43;  69,29;42,47;  752260; 9,21;  417;  655;-36,34
2020-11-05;DRS 12 Registro;   8,29;  39,00;21,26;  278754;13,99;  125;  162;-22,84
2020-11-05;DRS 13 Ribeirão Preto;  83,71; 275,71;30,36; 1477530;18,66; 1028; 1600;-35,75
2020-11-05;DRS 14 São João da Boa Vista;  36,14; 112,71;32,06;  809836;13,92;  437;  617;-29,17
2020-11-05;DRS 15 São José do Rio Preto; 172,43; 384,43;44,85; 1570421;24,48; 1709; 2378;-28,13
2020-11-05;DRS 16 Sorocaba;  99,57; 219,00;45,47; 2461760; 8,90;  864; 1132;-23,67
2020-11-05;DRS 17 Taubaté; 124,14; 388,29;31,97; 2489629;15,60; 1129; 1534;-26,40
2020-11-05;Estado de São Paulo;2956,00;7441,14;39,73;44639899;16,67;26600;33570;-20,76
2020-11-06;DRS 01 Grande São Paulo;1768,14;4076,71;43,37;21138247;19,29;14448;16801;-14,01
2020-11-06;DRS 02 Araçatuba;  46,29; 119,00;38,90;  764041;15,58;  422;  457; -7,66
2020-11-06;DRS 03 Araraquara;  39,86; 116,71;34,15;  991435;11,77;  716;  925;-22,59
2020-11-06;DRS 04 Baixada Santista; 138,57; 375,71;36,88; 1831884;20,51;  942;  782; 20,46
2020-11-06;DRS 05 Barretos;  31,43;  88,71;35,43;  425090;20,87;  341;  614;-44,46
2020-11-06;DRS 06 Bauru; 107,00; 229,71;46,58; 1741281;13,19;  961; 1405;-31,60
2020-11-06;DRS 07 Campinas; 171,14; 509,57;33,59; 4562125;11,17; 1487; 2404;-38,14
2020-11-06;DRS 08 Franca;  30,14; 102,14;29,51;  696336;14,67;  349;  492;-29,07
2020-11-06;DRS 09 Marília;  52,57; 161,57;32,54; 1109670;14,56;  569;  697;-18,36
2020-11-06;DRS 10 Piracicaba;  39,71; 181,57;21,87; 1539600;11,79;  426;  727;-41,40
2020-11-06;DRS 11 Presidente Prudente;  28,57;  69,14;41,32;  752260; 9,19;  405;  651;-37,79
2020-11-06;DRS 12 Registro;   8,43;  39,00;21,62;  278754;13,99;  129;  160;-19,38
2020-11-06;DRS 13 Ribeirão Preto;  83,43; 276,29;30,20; 1477530;18,70;  968; 1602;-39,58
2020-11-06;DRS 14 São João da Boa Vista;  36,00; 111,29;32,35;  809836;13,74;  423;  611;-30,77
2020-11-06;DRS 15 São José do Rio Preto; 167,86; 379,86;44,19; 1570421;24,19; 1632; 2412;-32,34
2020-11-06;DRS 16 Sorocaba;  99,14; 217,14;45,66; 2461760; 8,82;  851; 1135;-25,02
2020-11-06;DRS 17 Taubaté; 122,29; 388,43;31,48; 2489629;15,60; 1117; 1511;-26,08
2020-11-06;Estado de São Paulo;2970,57;7442,57;39,91;44639899;16,67;26186;33386;-21,57
2020-11-07;DRS 01 Grande São Paulo;1783,86;4070,00;43,83;21138247;19,25;14437;16715;-13,63
2020-11-07;DRS 02 Araçatuba;  46,71; 119,57;39,06;  764041;15,65;  407;  474;-14,14
2020-11-07;DRS 03 Araraquara;  41,14; 117,43;35,03;  991435;11,84;  696;  929;-25,08
2020-11-07;DRS 04 Baixada Santista; 139,71; 374,86;37,27; 1831884;20,46;  962;  762; 26,25
2020-11-07;DRS 05 Barretos;  30,00;  88,71;33,82;  425090;20,87;  327;  611;-46,48
2020-11-07;DRS 06 Bauru; 105,57; 229,14;46,07; 1741281;13,16;  949; 1408;-32,60
2020-11-07;DRS 07 Campinas; 171,57; 508,86;33,72; 4562125;11,15; 1467; 2374;-38,21
2020-11-07;DRS 08 Franca;  28,86; 102,14;28,26;  696336;14,67;  337;  488;-30,94
2020-11-07;DRS 09 Marília;  53,00; 161,43;32,83; 1109670;14,55;  561;  709;-20,87
2020-11-07;DRS 10 Piracicaba;  40,57; 176,14;23,03; 1539600;11,44;  411;  730;-43,70
2020-11-07;DRS 11 Presidente Prudente;  28,14;  69,29;40,61;  752260; 9,21;  398;  651;-38,86
2020-11-07;DRS 12 Registro;   9,00;  39,00;23,08;  278754;13,99;  128;  161;-20,50
2020-11-07;DRS 13 Ribeirão Preto;  81,57; 276,86;29,46; 1477530;18,74;  944; 1597;-40,89
2020-11-07;DRS 14 São João da Boa Vista;  35,14; 110,00;31,95;  809836;13,58;  405;  610;-33,61
2020-11-07;DRS 15 São José do Rio Preto; 165,14; 377,29;43,77; 1570421;24,02; 1583; 2423;-34,67
2020-11-07;DRS 16 Sorocaba; 100,86; 215,43;46,82; 2461760; 8,75;  865; 1123;-22,97
2020-11-07;DRS 17 Taubaté; 120,86; 388,43;31,12; 2489629;15,60; 1113; 1503;-25,95
2020-11-07;Estado de São Paulo;2981,71;7424,57;40,16;44639899;16,63;25990;33268;-21,88
2020-11-08;DRS 01 Grande São Paulo;1783,14;4062,71;43,89;21138247;19,22;14482;16541;-12,45
2020-11-08;DRS 02 Araçatuba;  46,86; 120,29;38,96;  764041;15,74;  407;  479;-15,03
2020-11-08;DRS 03 Araraquara;  42,43; 118,00;35,96;  991435;11,90;  679;  932;-27,15
2020-11-08;DRS 04 Baixada Santista; 141,43; 375,00;37,71; 1831884;20,47;  991;  748; 32,49
2020-11-08;DRS 05 Barretos;  29,86;  88,71;33,66;  425090;20,87;  318;  613;-48,12
2020-11-08;DRS 06 Bauru; 104,29; 227,29;45,88; 1741281;13,05;  940; 1376;-31,69
2020-11-08;DRS 07 Campinas; 175,57; 509,71;34,45; 4562125;11,17; 1469; 2319;-36,65
2020-11-08;DRS 08 Franca;  27,57; 102,29;26,95;  696336;14,69;  322;  492;-34,55
2020-11-08;DRS 09 Marília;  54,57; 161,29;33,83; 1109670;14,53;  546;  705;-22,55
2020-11-08;DRS 10 Piracicaba;  42,29; 172,14;24,57; 1539600;11,18;  407;  719;-43,39
2020-11-08;DRS 11 Presidente Prudente;  27,29;  69,57;39,23;  752260; 9,25;  398;  644;-38,20
2020-11-08;DRS 12 Registro;  10,14;  39,00;26,00;  278754;13,99;  127;  163;-22,09
2020-11-08;DRS 13 Ribeirão Preto;  80,00; 275,71;29,02; 1477530;18,66;  921; 1580;-41,71
2020-11-08;DRS 14 São João da Boa Vista;  34,00; 109,86;30,95;  809836;13,57;  400;  608;-34,21
2020-11-08;DRS 15 São José do Rio Preto; 162,57; 374,57;43,40; 1570421;23,85; 1532; 2437;-37,14
2020-11-08;DRS 16 Sorocaba; 100,86; 213,71;47,19; 2461760; 8,68;  887; 1095;-19,00
2020-11-08;DRS 17 Taubaté; 119,71; 387,14;30,92; 2489629;15,55; 1100; 1502;-26,76
2020-11-08;Estado de São Paulo;2982,57;7407,00;40,27;44639899;16,59;25926;32953;-21,32
2020-11-09;DRS 01 Grande São Paulo;1798,29;4067,71;44,21;21138247;19,24;14517;16396;-11,46
2020-11-09;DRS 02 Araçatuba;  46,43; 120,71;38,46;  764041;15,80;  399;  476;-16,18
2020-11-09;DRS 03 Araraquara;  43,00; 118,57;36,27;  991435;11,96;  674;  905;-25,52
2020-11-09;DRS 04 Baixada Santista; 142,00; 375,00;37,87; 1831884;20,47;  993;  759; 30,83
2020-11-09;DRS 05 Barretos;  28,86;  88,71;32,53;  425090;20,87;  310;  605;-48,76
2020-11-09;DRS 06 Bauru; 105,00; 224,86;46,70; 1741281;12,91;  943; 1372;-31,27
2020-11-09;DRS 07 Campinas; 178,57; 513,43;34,78; 4562125;11,25; 1442; 2302;-37,36
2020-11-09;DRS 08 Franca;  27,86; 102,43;27,20;  696336;14,71;  315;  481;-34,51
2020-11-09;DRS 09 Marília;  56,14; 160,29;35,02; 1109670;14,44;  551;  697;-20,95
2020-11-09;DRS 10 Piracicaba;  44,43; 168,14;26,42; 1539600;10,92;  412;  712;-42,13
2020-11-09;DRS 11 Presidente Prudente;  27,00;  70,00;38,57;  752260; 9,31;  382;  647;-40,96
2020-11-09;DRS 12 Registro;  11,43;  39,00;29,31;  278754;13,99;  133;  161;-17,39
2020-11-09;DRS 13 Ribeirão Preto;  79,86; 275,43;28,99; 1477530;18,64;  908; 1569;-42,13
2020-11-09;DRS 14 São João da Boa Vista;  33,57; 111,14;30,21;  809836;13,72;  394;  602;-34,55
2020-11-09;DRS 15 São José do Rio Preto; 159,71; 373,29;42,78; 1570421;23,77; 1517; 2421;-37,34
2020-11-09;DRS 16 Sorocaba; 102,57; 213,14;48,12; 2461760; 8,66;  890; 1081;-17,67
2020-11-09;DRS 17 Taubaté; 119,86; 386,14;31,04; 2489629;15,51; 1097; 1488;-26,28
2020-11-09;Estado de São Paulo;3004,57;7408,00;40,56;44639899;16,60;25877;32674;-20,80
2020-11-10;DRS 01 Grande São Paulo;1814,14;4062,86;44,65;21138247;19,22;14650;16286;-10,05
2020-11-10;DRS 02 Araçatuba;  46,29; 120,57;38,39;  764041;15,78;  395;  480;-17,71
2020-11-10;DRS 03 Araraquara;  43,43; 119,86;36,23;  991435;12,09;  664;  890;-25,39
2020-11-10;DRS 04 Baixada Santista; 145,29; 375,43;38,70; 1831884;20,49;  993;  772; 28,63
2020-11-10;DRS 05 Barretos;  27,86;  88,71;31,41;  425090;20,87;  302;  610;-50,49
2020-11-10;DRS 06 Bauru; 106,00; 223,57;47,41; 1741281;12,84;  930; 1371;-32,17
2020-11-10;DRS 07 Campinas; 180,71; 516,71;34,97; 4562125;11,33; 1442; 2236;-35,51
2020-11-10;DRS 08 Franca;  28,29; 102,43;27,62;  696336;14,71;  304;  483;-37,06
2020-11-10;DRS 09 Marília;  57,71; 159,29;36,23; 1109670;14,35;  555;  690;-19,57
2020-11-10;DRS 10 Piracicaba;  45,86; 167,71;27,34; 1539600;10,89;  407;  705;-42,27
2020-11-10;DRS 11 Presidente Prudente;  26,57;  70,14;37,88;  752260; 9,32;  380;  637;-40,35
2020-11-10;DRS 12 Registro;  12,57;  39,00;32,23;  278754;13,99;  140;  158;-11,39
2020-11-10;DRS 13 Ribeirão Preto;  81,43; 274,71;29,64; 1477530;18,59;  899; 1564;-42,52
2020-11-10;DRS 14 São João da Boa Vista;  33,29; 111,14;29,95;  809836;13,72;  390;  601;-35,11
2020-11-10;DRS 15 São José do Rio Preto; 154,86; 371,43;41,69; 1570421;23,65; 1495; 2400;-37,71
2020-11-10;DRS 16 Sorocaba; 105,00; 212,57;49,40; 2461760; 8,63;  895; 1066;-16,04
2020-11-10;DRS 17 Taubaté; 120,29; 384,57;31,28; 2489629;15,45; 1100; 1473;-25,32
2020-11-10;Estado de São Paulo;3029,57;7400,71;40,94;44639899;16,58;25941;32422;-19,99
2020-11-11;DRS 01 Grande São Paulo;1826,86;4063,57;44,96;21138247;19,22;14872;16089; -7,56
2020-11-11;DRS 02 Araçatuba;  45,86; 120,29;38,12;  764041;15,74;  387;  488;-20,70
2020-11-11;DRS 03 Araraquara;  43,43; 121,00;35,89;  991435;12,20;  666;  884;-24,66
2020-11-11;DRS 04 Baixada Santista; 148,57; 376,00;39,51; 1831884;20,53; 1005;  754; 33,29
2020-11-11;DRS 05 Barretos;  27,29;  88,71;30,76;  425090;20,87;  300;  606;-50,50
2020-11-11;DRS 06 Bauru; 106,43; 222,57;47,82; 1741281;12,78;  925; 1361;-32,04
2020-11-11;DRS 07 Campinas; 182,43; 514,14;35,48; 4562125;11,27; 1441; 2203;-34,59
2020-11-11;DRS 08 Franca;  28,43; 101,86;27,91;  696336;14,63;  294;  489;-39,88
2020-11-11;DRS 09 Marília;  58,86; 158,43;37,15; 1109670;14,28;  561;  663;-15,38
2020-11-11;DRS 10 Piracicaba;  47,00; 167,29;28,09; 1539600;10,87;  409;  695;-41,15
2020-11-11;DRS 11 Presidente Prudente;  25,86;  69,29;37,32;  752260; 9,21;  381;  622;-38,75
2020-11-11;DRS 12 Registro;  14,00;  39,00;35,90;  278754;13,99;  140;  158;-11,39
2020-11-11;DRS 13 Ribeirão Preto;  79,86; 273,71;29,18; 1477530;18,52;  883; 1555;-43,22
2020-11-11;DRS 14 São João da Boa Vista;  32,71; 111,14;29,43;  809836;13,72;  403;  578;-30,28
2020-11-11;DRS 15 São José do Rio Preto; 150,57; 369,43;40,76; 1570421;23,52; 1494; 2373;-37,04
2020-11-11;DRS 16 Sorocaba; 107,14; 212,86;50,33; 2461760; 8,65;  895; 1062;-15,73
2020-11-11;DRS 17 Taubaté; 121,00; 383,71;31,53; 2489629;15,41; 1110; 1450;-23,45
2020-11-11;Estado de São Paulo;3046,29;7393,00;41,21;44639899;16,56;26166;32030;-18,31
2020-11-12;DRS 01 Grande São Paulo;1841,29;4066,00;45,29;21138247;19,24;14991;15979; -6,18
2020-11-12;DRS 02 Araçatuba;  44,86; 120,29;37,29;  764041;15,74;  369;  497;-25,75
2020-11-12;DRS 03 Araraquara;  42,14; 122,14;34,50;  991435;12,32;  651;  891;-26,94
2020-11-12;DRS 04 Baixada Santista; 152,86; 377,29;40,52; 1831884;20,60; 1030;  757; 36,06
2020-11-12;DRS 05 Barretos;  26,71;  88,00;30,35;  425090;20,70;  289;  602;-51,99
2020-11-12;DRS 06 Bauru; 106,14; 221,86;47,84; 1741281;12,74;  925; 1356;-31,78
2020-11-12;DRS 07 Campinas; 182,43; 512,57;35,59; 4562125;11,24; 1445; 2140;-32,48
2020-11-12;DRS 08 Franca;  28,43; 101,00;28,15;  696336;14,50;  295;  486;-39,30
2020-11-12;DRS 09 Marília;  60,14; 157,57;38,17; 1109670;14,20;  566;  656;-13,72
2020-11-12;DRS 10 Piracicaba;  47,71; 167,71;28,45; 1539600;10,89;  405;  680;-40,44
2020-11-12;DRS 11 Presidente Prudente;  26,00;  68,71;37,84;  752260; 9,13;  370;  610;-39,34
2020-11-12;DRS 12 Registro;  14,71;  39,00;37,72;  278754;13,99;  142;  154; -7,79
2020-11-12;DRS 13 Ribeirão Preto;  78,71; 272,71;28,86; 1477530;18,46;  853; 1554;-45,11
2020-11-12;DRS 14 São João da Boa Vista;  31,57; 111,14;28,41;  809836;13,72;  395;  544;-27,39
2020-11-12;DRS 15 São José do Rio Preto; 147,43; 367,29;40,14; 1570421;23,39; 1458; 2378;-38,69
2020-11-12;DRS 16 Sorocaba; 108,57; 213,29;50,90; 2461760; 8,66;  911; 1042;-12,57
2020-11-12;DRS 17 Taubaté; 120,29; 382,86;31,42; 2489629;15,38; 1102; 1440;-23,47
2020-11-12;Estado de São Paulo;3060,00;7389,43;41,41;44639899;16,55;26197;31766;-17,53
2020-11-13;DRS 01 Grande São Paulo;1856,43;4056,43;45,77;21138247;19,19;15051;15800; -4,74
2020-11-13;DRS 02 Araçatuba;  44,57; 120,57;36,97;  764041;15,78;  373;  500;-25,40
2020-11-13;DRS 03 Araraquara;  40,71; 123,29;33,02;  991435;12,44;  644;  881;-26,90
2020-11-13;DRS 04 Baixada Santista; 158,86; 380,71;41,73; 1831884;20,78; 1060;  761; 39,29
2020-11-13;DRS 05 Barretos;  25,57;  88,00;29,06;  425090;20,70;  274;  591;-53,64
2020-11-13;DRS 06 Bauru; 103,57; 221,57;46,74; 1741281;12,72;  917; 1328;-30,95
2020-11-13;DRS 07 Campinas; 180,14; 511,57;35,21; 4562125;11,21; 1458; 2096;-30,44
2020-11-13;DRS 08 Franca;  27,86; 101,00;27,58;  696336;14,50;  284;  487;-41,68
2020-11-13;DRS 09 Marília;  61,29; 156,71;39,11; 1109670;14,12;  561;  654;-14,22
2020-11-13;DRS 10 Piracicaba;  47,43; 167,86;28,26; 1539600;10,90;  395;  682;-42,08
2020-11-13;DRS 11 Presidente Prudente;  26,29;  68,14;38,58;  752260; 9,06;  365;  615;-40,65
2020-11-13;DRS 12 Registro;  15,43;  39,00;39,56;  278754;13,99;  144;  151; -4,64
2020-11-13;DRS 13 Ribeirão Preto;  77,43; 269,86;28,69; 1477530;18,26;  841; 1540;-45,39
2020-11-13;DRS 14 São João da Boa Vista;  30,43; 111,43;27,31;  809836;13,76;  391;  542;-27,86
2020-11-13;DRS 15 São José do Rio Preto; 145,00; 366,00;39,62; 1570421;23,31; 1433; 2356;-39,18
2020-11-13;DRS 16 Sorocaba; 109,71; 213,57;51,37; 2461760; 8,68;  922; 1036;-11,00
2020-11-13;DRS 17 Taubaté; 121,71; 382,43;31,83; 2489629;15,36; 1108; 1424;-22,19
2020-11-13;Estado de São Paulo;3072,43;7378,14;41,64;44639899;16,53;26221;31444;-16,61
2020-11-14;DRS 01 Grande São Paulo;1879,00;4059,29;46,29;21138247;19,20;15192;15692; -3,19
2020-11-14;DRS 02 Araçatuba;  45,14; 120,57;37,44;  764041;15,78;  365;  500;-27,00
2020-11-14;DRS 03 Araraquara;  40,29; 123,86;32,53;  991435;12,49;  641;  869;-26,24
2020-11-14;DRS 04 Baixada Santista; 162,43; 382,29;42,49; 1831884;20,87; 1062;  764; 39,01
2020-11-14;DRS 05 Barretos;  24,57;  88,00;27,92;  425090;20,70;  263;  585;-55,04
2020-11-14;DRS 06 Bauru; 102,00; 220,71;46,21; 1741281;12,68;  918; 1296;-29,17
2020-11-14;DRS 07 Campinas; 178,29; 510,57;34,92; 4562125;11,19; 1478; 2040;-27,55
2020-11-14;DRS 08 Franca;  28,00; 101,00;27,72;  696336;14,50;  279;  488;-42,83
2020-11-14;DRS 09 Marília;  61,43; 155,86;39,41; 1109670;14,05;  564;  657;-14,16
2020-11-14;DRS 10 Piracicaba;  47,29; 168,29;28,10; 1539600;10,93;  392;  671;-41,58
2020-11-14;DRS 11 Presidente Prudente;  25,71;  67,57;38,05;  752260; 8,98;  364;  600;-39,33
2020-11-14;DRS 12 Registro;  16,43;  39,00;42,13;  278754;13,99;  150;  146;  2,74
2020-11-14;DRS 13 Ribeirão Preto;  77,14; 266,86;28,91; 1477530;18,06;  833; 1517;-45,09
2020-11-14;DRS 14 São João da Boa Vista;  30,29; 111,71;27,11;  809836;13,79;  391;  536;-27,05
2020-11-14;DRS 15 São José do Rio Preto; 142,14; 364,71;38,97; 1570421;23,22; 1392; 2332;-40,31
2020-11-14;DRS 16 Sorocaba; 108,86; 214,14;50,84; 2461760; 8,70;  935; 1016; -7,97
2020-11-14;DRS 17 Taubaté; 122,43; 381,57;32,09; 2489629;15,33; 1110; 1416;-21,61
2020-11-14;Estado de São Paulo;3091,43;7376,00;41,91;44639899;16,52;26329;31125;-15,41
2020-11-15;DRS 01 Grande São Paulo;1919,00;4051,43;47,37;21138247;19,17;15341;15575; -1,50
2020-11-15;DRS 02 Araçatuba;  44,71; 120,57;37,08;  764041;15,78;  374;  492;-23,98
2020-11-15;DRS 03 Araraquara;  39,71; 124,29;31,95;  991435;12,54;  635;  867;-26,76
2020-11-15;DRS 04 Baixada Santista; 166,29; 383,71;43,34; 1831884;20,95; 1075;  753; 42,76
2020-11-15;DRS 05 Barretos;  23,14;  88,00;26,30;  425090;20,70;  258;  567;-54,50
2020-11-15;DRS 06 Bauru; 100,43; 219,86;45,68; 1741281;12,63;  927; 1263;-26,60
2020-11-15;DRS 07 Campinas; 174,00; 507,43;34,29; 4562125;11,12; 1501; 2003;-25,06
2020-11-15;DRS 08 Franca;  28,71; 101,00;28,43;  696336;14,50;  275;  485;-43,30
2020-11-15;DRS 09 Marília;  62,00; 155,29;39,93; 1109670;13,99;  568;  653;-13,02
2020-11-15;DRS 10 Piracicaba;  46,43; 168,71;27,52; 1539600;10,96;  393;  660;-40,45
2020-11-15;DRS 11 Presidente Prudente;  26,14;  67,00;39,01;  752260; 8,91;  366;  591;-38,07
2020-11-15;DRS 12 Registro;  16,71;  39,00;42,85;  278754;13,99;  152;  141;  7,80
2020-11-15;DRS 13 Ribeirão Preto;  77,43; 264,71;29,25; 1477530;17,92;  809; 1506;-46,28
2020-11-15;DRS 14 São João da Boa Vista;  28,86; 112,14;25,74;  809836;13,85;  382;  514;-25,68
2020-11-15;DRS 15 São José do Rio Preto; 138,29; 364,00;37,99; 1570421;23,18; 1366; 2318;-41,07
2020-11-15;DRS 16 Sorocaba; 106,86; 214,86;49,73; 2461760; 8,73;  954;  997; -4,31
2020-11-15;DRS 17 Taubaté; 122,00; 382,29;31,91; 2489629;15,36; 1115; 1393;-19,96
2020-11-15;Estado de São Paulo;3120,71;7364,29;42,38;44639899;16,50;26491;30778;-13,93
2020-11-16;DRS 01 Grande São Paulo;1949,71;4043,14;48,22;21138247;19,13;15483;15543; -0,39
2020-11-16;DRS 02 Araçatuba;  44,71; 120,43;37,13;  764041;15,76;  371;  497;-25,35
2020-11-16;DRS 03 Araraquara;  39,43; 124,14;31,76;  991435;12,52;  625;  868;-28,00
2020-11-16;DRS 04 Baixada Santista; 171,57; 385,00;44,56; 1831884;21,02; 1079;  768; 40,49
2020-11-16;DRS 05 Barretos;  22,29;  88,00;25,33;  425090;20,70;  249;  566;-56,01
2020-11-16;DRS 06 Bauru;  98,71; 219,00;45,07; 1741281;12,58;  933; 1238;-24,64
2020-11-16;DRS 07 Campinas; 170,57; 504,29;33,82; 4562125;11,05; 1507; 1985;-24,08
2020-11-16;DRS 08 Franca;  29,71; 101,00;29,42;  696336;14,50;  263;  474;-44,51
2020-11-16;DRS 09 Marília;  62,71; 155,29;40,38; 1109670;13,99;  569;  654;-13,00
2020-11-16;DRS 10 Piracicaba;  44,14; 167,71;26,32; 1539600;10,89;  390;  654;-40,37
2020-11-16;DRS 11 Presidente Prudente;  25,86;  66,43;38,93;  752260; 8,83;  368;  578;-36,33
2020-11-16;DRS 12 Registro;  17,00;  39,00;43,59;  278754;13,99;  151;  144;  4,86
2020-11-16;DRS 13 Ribeirão Preto;  74,86; 262,71;28,50; 1477530;17,78;  785; 1495;-47,49
2020-11-16;DRS 14 São João da Boa Vista;  27,57; 111,43;24,74;  809836;13,76;  382;  511;-25,24
2020-11-16;DRS 15 São José do Rio Preto; 134,43; 363,00;37,03; 1570421;23,11; 1361; 2285;-40,44
2020-11-16;DRS 16 Sorocaba; 106,29; 216,00;49,21; 2461760; 8,77;  963;  998; -3,51
2020-11-16;DRS 17 Taubaté; 122,29; 381,71;32,04; 2489629;15,33; 1128; 1363;-17,24
2020-11-16;Estado de São Paulo;3141,86;7348,29;42,76;44639899;16,46;26607;30621;-13,11
2020-11-17;DRS 01 Grande São Paulo;1985,86;4040,43;49,15;21138247;19,11;15717;15488;  1,48
2020-11-17;DRS 02 Araçatuba;  43,43; 120,43;36,06;  764041;15,76;  357;  510;-30,00
2020-11-17;DRS 03 Araraquara;  39,14; 123,86;31,60;  991435;12,49;  632;  858;-26,34
2020-11-17;DRS 04 Baixada Santista; 174,71; 387,29;45,11; 1831884;21,14; 1106;  777; 42,34
2020-11-17;DRS 05 Barretos;  22,29;  88,00;25,33;  425090;20,70;  244;  560;-56,43
2020-11-17;DRS 06 Bauru;  97,29; 219,00;44,42; 1741281;12,58;  922; 1230;-25,04
2020-11-17;DRS 07 Campinas; 170,14; 503,57;33,79; 4562125;11,04; 1534; 1961;-21,77
2020-11-17;DRS 08 Franca;  30,71; 101,00;30,41;  696336;14,50;  268;  468;-42,74
2020-11-17;DRS 09 Marília;  61,86; 155,29;39,84; 1109670;13,99;  571;  656;-12,96
2020-11-17;DRS 10 Piracicaba;  42,71; 168,14;25,40; 1539600;10,92;  389;  646;-39,78
2020-11-17;DRS 11 Presidente Prudente;  25,43;  66,00;38,53;  752260; 8,77;  361;  578;-37,54
2020-11-17;DRS 12 Registro;  17,14;  39,00;43,95;  278754;13,99;  147;  141;  4,26
2020-11-17;DRS 13 Ribeirão Preto;  70,57; 260,86;27,05; 1477530;17,66;  770; 1487;-48,22
2020-11-17;DRS 14 São João da Boa Vista;  26,43; 111,86;23,63;  809836;13,81;  380;  509;-25,34
2020-11-17;DRS 15 São José do Rio Preto; 131,43; 362,57;36,25; 1570421;23,09; 1334; 2293;-41,82
2020-11-17;DRS 16 Sorocaba; 106,86; 217,00;49,24; 2461760; 8,81;  974;  996; -2,21
2020-11-17;DRS 17 Taubaté; 121,57; 382,29;31,80; 2489629;15,36; 1138; 1355;-16,01
2020-11-17;Estado de São Paulo;3167,57;7346,57;43,12;44639899;16,46;26844;30513;-12,02
2020-11-18;DRS 01 Grande São Paulo;2037,86;4040,57;50,43;21138247;19,11;15984;15450;  3,46
2020-11-18;DRS 02 Araçatuba;  42,29; 119,86;35,28;  764041;15,69;  356;  511;-30,33
2020-11-18;DRS 03 Araraquara;  39,00; 123,71;31,53;  991435;12,48;  615;  866;-28,98
2020-11-18;DRS 04 Baixada Santista; 180,00; 389,00;46,27; 1831884;21,23; 1134;  788; 43,91
2020-11-18;DRS 05 Barretos;  21,14;  88,29;23,94;  425090;20,77;  228;  563;-59,50
2020-11-18;DRS 06 Bauru;  95,86; 219,14;43,74; 1741281;12,58;  914; 1224;-25,33
2020-11-18;DRS 07 Campinas; 171,57; 506,29;33,89; 4562125;11,10; 1547; 1924;-19,59
2020-11-18;DRS 08 Franca;  31,29; 101,00;30,98;  696336;14,50;  258;  464;-44,40
2020-11-18;DRS 09 Marília;  62,71; 155,29;40,38; 1109670;13,99;  577;  651;-11,37
2020-11-18;DRS 10 Piracicaba;  42,00; 170,00;24,71; 1539600;11,04;  391;  639;-38,81
2020-11-18;DRS 11 Presidente Prudente;  25,43;  66,00;38,53;  752260; 8,77;  361;  571;-36,78
2020-11-18;DRS 12 Registro;  17,00;  39,00;43,59;  278754;13,99;  150;  138;  8,70
2020-11-18;DRS 13 Ribeirão Preto;  70,14; 250,29;28,02; 1477530;16,94;  767; 1463;-47,57
2020-11-18;DRS 14 São João da Boa Vista;  26,43; 112,29;23,54;  809836;13,87;  379;  501;-24,35
2020-11-18;DRS 15 São José do Rio Preto; 126,71; 362,14;34,99; 1570421;23,06; 1310; 2275;-42,42
2020-11-18;DRS 16 Sorocaba; 108,29; 217,29;49,84; 2461760; 8,83;  999;  980;  1,94
2020-11-18;DRS 17 Taubaté; 122,14; 382,43;31,94; 2489629;15,36; 1140; 1318;-13,51
2020-11-18;Estado de São Paulo;3219,86;7342,57;43,85;44639899;16,45;27110;30326;-10,60
2020-11-19;DRS 01 Grande São Paulo;2092,14;4036,57;51,83;21138247;19,10;16204;15469;  4,75
2020-11-19;DRS 02 Araçatuba;  42,29; 119,29;35,45;  764041;15,61;  355;  507;-29,98
2020-11-19;DRS 03 Araraquara;  39,43; 123,29;31,98;  991435;12,44;  622;  864;-28,01
2020-11-19;DRS 04 Baixada Santista; 183,00; 389,29;47,01; 1831884;21,25; 1144;  808; 41,58
2020-11-19;DRS 05 Barretos;  19,43;  88,57;21,94;  425090;20,84;  218;  555;-60,72
2020-11-19;DRS 06 Bauru;  94,57; 218,29;43,32; 1741281;12,54;  926; 1214;-23,72
2020-11-19;DRS 07 Campinas; 175,57; 506,57;34,66; 4562125;11,10; 1562; 1894;-17,53
2020-11-19;DRS 08 Franca;  31,86; 101,00;31,54;  696336;14,50;  260;  466;-44,21
2020-11-19;DRS 09 Marília;  62,57; 155,29;40,29; 1109670;13,99;  582;  652;-10,74
2020-11-19;DRS 10 Piracicaba;  42,00; 168,86;24,87; 1539600;10,97;  400;  618;-35,28
2020-11-19;DRS 11 Presidente Prudente;  25,14;  65,86;38,17;  752260; 8,75;  358;  561;-36,19
2020-11-19;DRS 12 Registro;  17,29;  39,00;44,33;  278754;13,99;  151;  134; 12,69
2020-11-19;DRS 13 Ribeirão Preto;  68,86; 239,57;28,74; 1477530;16,21;  756; 1434;-47,28
2020-11-19;DRS 14 São João da Boa Vista;  27,00; 112,71;23,96;  809836;13,92;  377;  503;-25,05
2020-11-19;DRS 15 São José do Rio Preto; 124,86; 362,00;34,49; 1570421;23,05; 1305; 2253;-42,08
2020-11-19;DRS 16 Sorocaba; 108,86; 217,86;49,97; 2461760; 8,85; 1019;  973;  4,73
2020-11-19;DRS 17 Taubaté; 124,43; 383,43;32,45; 2489629;15,40; 1158; 1317;-12,07
2020-11-19;Estado de São Paulo;3279,29;7327,43;44,75;44639899;16,41;27397;30222; -9,35
2020-11-20;DRS 01 Grande São Paulo;2147,57;4038,00;53,18;21138247;19,10;16443;15427;  6,59
2020-11-20;DRS 02 Araçatuba;  41,57; 118,43;35,10;  764041;15,50;  353;  499;-29,26
2020-11-20;DRS 03 Araraquara;  39,71; 122,71;32,36;  991435;12,38;  608;  866;-29,79
2020-11-20;DRS 04 Baixada Santista; 185,00; 389,43;47,51; 1831884;21,26; 1194;  812; 47,04
2020-11-20;DRS 05 Barretos;  18,57;  88,86;20,90;  425090;20,90;  213;  548;-61,13
2020-11-20;DRS 06 Bauru;  96,29; 217,57;44,26; 1741281;12,49;  929; 1196;-22,32
2020-11-20;DRS 07 Campinas; 181,00; 509,57;35,52; 4562125;11,17; 1592; 1895;-15,99
2020-11-20;DRS 08 Franca;  32,57; 100,86;32,29;  696336;14,48;  253;  462;-45,24
2020-11-20;DRS 09 Marília;  62,00; 155,29;39,93; 1109670;13,99;  583;  653;-10,72
2020-11-20;DRS 10 Piracicaba;  42,86; 169,00;25,36; 1539600;10,98;  408;  605;-32,56
2020-11-20;DRS 11 Presidente Prudente;  25,29;  66,00;38,32;  752260; 8,77;  362;  552;-34,42
2020-11-20;DRS 12 Registro;  17,00;  39,00;43,59;  278754;13,99;  155;  133; 16,54
2020-11-20;DRS 13 Ribeirão Preto;  68,43; 230,14;29,73; 1477530;15,58;  755; 1403;-46,19
2020-11-20;DRS 14 São João da Boa Vista;  27,57; 112,86;24,43;  809836;13,94;  370;  496;-25,40
2020-11-20;DRS 15 São José do Rio Preto; 122,86; 362,29;33,91; 1570421;23,07; 1299; 2241;-42,03
2020-11-20;DRS 16 Sorocaba; 109,14; 218,86;49,87; 2461760; 8,89; 1052;  959;  9,70
2020-11-20;DRS 17 Taubaté; 128,29; 385,71;33,26; 2489629;15,49; 1162; 1307;-11,09
2020-11-20;Estado de São Paulo;3345,71;7324,57;45,68;44639899;16,41;27731;30054; -7,73
2020-11-21;DRS 01 Grande São Paulo;2194,29;4044,86;54,25;21138247;19,14;16592;15382;  7,87
2020-11-21;DRS 02 Araçatuba;  40,14; 117,43;34,18;  764041;15,37;  357;  494;-27,73
2020-11-21;DRS 03 Araraquara;  40,14; 122,29;32,82;  991435;12,33;  615;  847;-27,39
2020-11-21;DRS 04 Baixada Santista; 190,29; 389,86;48,81; 1831884;21,28; 1207;  829; 45,60
2020-11-21;DRS 05 Barretos;  18,43;  89,14;20,68;  425090;20,97;  205;  540;-62,04
2020-11-21;DRS 06 Bauru;  96,71; 217,29;44,51; 1741281;12,48;  928; 1191;-22,08
2020-11-21;DRS 07 Campinas; 187,57; 512,29;36,61; 4562125;11,23; 1636; 1875;-12,75
2020-11-21;DRS 08 Franca;  32,43; 100,14;32,38;  696336;14,38;  253;  458;-44,76
2020-11-21;DRS 09 Marília;  61,43; 155,00;39,63; 1109670;13,97;  584;  649;-10,02
2020-11-21;DRS 10 Piracicaba;  44,57; 170,14;26,20; 1539600;11,05;  411;  593;-30,69
2020-11-21;DRS 11 Presidente Prudente;  26,00;  66,00;39,39;  752260; 8,77;  363;  547;-33,64
2020-11-21;DRS 12 Registro;  16,29;  39,00;41,77;  278754;13,99;  154;  133; 15,79
2020-11-21;DRS 13 Ribeirão Preto;  68,71; 221,43;31,03; 1477530;14,99;  753; 1382;-45,51
2020-11-21;DRS 14 São João da Boa Vista;  27,57; 113,00;24,40;  809836;13,95;  365;  486;-24,90
2020-11-21;DRS 15 São José do Rio Preto; 120,57; 363,29;33,19; 1570421;23,13; 1294; 2230;-41,97
2020-11-21;DRS 16 Sorocaba; 111,29; 219,71;50,65; 2461760; 8,92; 1082;  946; 14,38
2020-11-21;DRS 17 Taubaté; 133,43; 387,00;34,48; 2489629;15,54; 1169; 1280; -8,67
2020-11-21;Estado de São Paulo;3409,86;7327,86;46,53;44639899;16,42;27968;29862; -6,34
2020-11-22;DRS 01 Grande São Paulo;2246,86;4065,71;55,26;21138247;19,23;16804;15315;  9,72
2020-11-22;DRS 02 Araçatuba;  40,00; 116,14;34,44;  764041;15,20;  344;  501;-31,34
2020-11-22;DRS 03 Araraquara;  40,14; 121,71;32,98;  991435;12,28;  608;  848;-28,30
2020-11-22;DRS 04 Baixada Santista; 197,57; 390,71;50,57; 1831884;21,33; 1237;  829; 49,22
2020-11-22;DRS 05 Barretos;  18,14;  89,43;20,28;  425090;21,04;  197;  531;-62,90
2020-11-22;DRS 06 Bauru;  98,00; 215,43;45,49; 1741281;12,37;  930; 1182;-21,32
2020-11-22;DRS 07 Campinas; 196,86; 516,71;38,10; 4562125;11,33; 1665; 1848; -9,90
2020-11-22;DRS 08 Franca;  32,43;  99,43;32,62;  696336;14,28;  246;  454;-45,81
2020-11-22;DRS 09 Marília;  61,57; 154,71;39,80; 1109670;13,94;  589;  651; -9,52
2020-11-22;DRS 10 Piracicaba;  46,71; 169,00;27,64; 1539600;10,98;  401;  594;-32,49
2020-11-22;DRS 11 Presidente Prudente;  26,00;  66,00;39,39;  752260; 8,77;  362;  545;-33,58
2020-11-22;DRS 12 Registro;  16,71;  39,00;42,85;  278754;13,99;  158;  133; 18,80
2020-11-22;DRS 13 Ribeirão Preto;  67,71; 212,86;31,81; 1477530;14,41;  740; 1363;-45,71
2020-11-22;DRS 14 São João da Boa Vista;  27,86; 113,14;24,62;  809836;13,97;  361;  477;-24,32
2020-11-22;DRS 15 São José do Rio Preto; 122,00; 363,29;33,58; 1570421;23,13; 1290; 2213;-41,71
2020-11-22;DRS 16 Sorocaba; 116,57; 220,29;52,92; 2461760; 8,95; 1109;  933; 18,86
2020-11-22;DRS 17 Taubaté; 139,43; 387,86;35,95; 2489629;15,58; 1176; 1279; -8,05
2020-11-22;Estado de São Paulo;3494,57;7341,43;47,60;44639899;16,45;28217;29696; -4,98
2020-11-23;DRS 01 Grande São Paulo;2286,14;4078,00;56,06;21138247;19,29;16931;15265; 10,91
2020-11-23;DRS 02 Araçatuba;  39,43; 114,29;34,50;  764041;14,96;  341;  507;-32,74
2020-11-23;DRS 03 Araraquara;  40,43; 121,86;33,18;  991435;12,29;  605;  836;-27,63
2020-11-23;DRS 04 Baixada Santista; 205,43; 391,71;52,44; 1831884;21,38; 1241;  840; 47,74
2020-11-23;DRS 05 Barretos;  18,14;  89,71;20,22;  425090;21,10;  193;  518;-62,74
2020-11-23;DRS 06 Bauru;  99,29; 213,57;46,49; 1741281;12,27;  944; 1161;-18,69
2020-11-23;DRS 07 Campinas; 206,71; 524,86;39,38; 4562125;11,50; 1697; 1818; -6,66
2020-11-23;DRS 08 Franca;  32,71;  98,86;33,09;  696336;14,20;  245;  440;-44,32
2020-11-23;DRS 09 Marília;  62,00; 155,29;39,93; 1109670;13,99;  587;  663;-11,46
2020-11-23;DRS 10 Piracicaba;  49,57; 169,29;29,28; 1539600;11,00;  408;  584;-30,14
2020-11-23;DRS 11 Presidente Prudente;  26,29;  66,00;39,83;  752260; 8,77;  365;  537;-32,03
2020-11-23;DRS 12 Registro;  17,14;  39,00;43,95;  278754;13,99;  156;  133; 17,29
2020-11-23;DRS 13 Ribeirão Preto;  68,86; 204,14;33,73; 1477530;13,82;  729; 1351;-46,04
2020-11-23;DRS 14 São João da Boa Vista;  27,43; 112,86;24,30;  809836;13,94;  358;  476;-24,79
2020-11-23;DRS 15 São José do Rio Preto; 125,57; 364,29;34,47; 1570421;23,20; 1283; 2187;-41,34
2020-11-23;DRS 16 Sorocaba; 120,57; 222,00;54,31; 2461760; 9,02; 1117;  937; 19,21
2020-11-23;DRS 17 Taubaté; 144,00; 390,43;36,88; 2489629;15,68; 1192; 1269; -6,07
2020-11-23;Estado de São Paulo;3569,71;7356,14;48,53;44639899;16,48;28392;29522; -3,83
2020-11-24;DRS 01 Grande São Paulo;2331,00;4107,86;56,74;21138247;19,43;17128;15221; 12,53
2020-11-24;DRS 02 Araçatuba;  39,71; 113,71;34,92;  764041;14,88;  350;  496;-29,44
2020-11-24;DRS 03 Araraquara;  40,43; 121,57;33,26;  991435;12,26;  600;  835;-28,14
2020-11-24;DRS 04 Baixada Santista; 213,43; 394,29;54,13; 1831884;21,52; 1268;  842; 50,59
2020-11-24;DRS 05 Barretos;  17,29;  90,00;19,21;  425090;21,17;  193;  504;-61,71
2020-11-24;DRS 06 Bauru; 101,57; 211,14;48,11; 1741281;12,13;  944; 1163;-18,83
2020-11-24;DRS 07 Campinas; 212,43; 528,57;40,19; 4562125;11,59; 1725; 1816; -5,01
2020-11-24;DRS 08 Franca;  32,43;  98,29;32,99;  696336;14,12;  243;  431;-43,62
2020-11-24;DRS 09 Marília;  64,43; 154,86;41,61; 1109670;13,96;  600;  661; -9,23
2020-11-24;DRS 10 Piracicaba;  51,43; 170,57;30,15; 1539600;11,08;  407;  578;-29,58
2020-11-24;DRS 11 Presidente Prudente;  26,57;  66,00;40,26;  752260; 8,77;  356;  528;-32,58
2020-11-24;DRS 12 Registro;  17,57;  39,00;45,05;  278754;13,99;  163;  133; 22,56
2020-11-24;DRS 13 Ribeirão Preto;  71,86; 195,43;36,77; 1477530;13,23;  722; 1338;-46,04
2020-11-24;DRS 14 São João da Boa Vista;  27,86; 112,86;24,69;  809836;13,94;  350;  481;-27,23
2020-11-24;DRS 15 São José do Rio Preto; 128,57; 364,71;35,25; 1570421;23,22; 1287; 2160;-40,42
2020-11-24;DRS 16 Sorocaba; 123,86; 223,00;55,54; 2461760; 9,06; 1131;  927; 22,01
2020-11-24;DRS 17 Taubaté; 148,29; 391,71;37,86; 2489629;15,73; 1211; 1263; -4,12
2020-11-24;Estado de São Paulo;3648,71;7383,57;49,42;44639899;16,54;28678;29377; -2,38
2020-11-25;DRS 01 Grande São Paulo;2371,71;4143,43;57,24;21138247;19,60;17316;15156; 14,25
2020-11-25;DRS 02 Araçatuba;  39,57; 113,86;34,75;  764041;14,90;  349;  488;-28,48
2020-11-25;DRS 03 Araraquara;  39,86; 121,29;32,86;  991435;12,23;  606;  817;-25,83
2020-11-25;DRS 04 Baixada Santista; 216,43; 395,00;54,79; 1831884;21,56; 1278;  866; 47,58
2020-11-25;DRS 05 Barretos;  17,57;  90,00;19,52;  425090;21,17;  181;  505;-64,16
2020-11-25;DRS 06 Bauru; 104,86; 209,71;50,00; 1741281;12,04;  956; 1163;-17,80
2020-11-25;DRS 07 Campinas; 216,86; 531,29;40,82; 4562125;11,65; 1764; 1808; -2,43
2020-11-25;DRS 08 Franca;  32,00;  97,71;32,75;  696336;14,03;  231;  426;-45,77
2020-11-25;DRS 09 Marília;  64,29; 154,57;41,59; 1109670;13,93;  608;  651; -6,61
2020-11-25;DRS 10 Piracicaba;  54,00; 171,00;31,58; 1539600;11,11;  420;  557;-24,60
2020-11-25;DRS 11 Presidente Prudente;  27,14;  66,00;41,12;  752260; 8,77;  360;  527;-31,69
2020-11-25;DRS 12 Registro;  18,14;  39,00;46,51;  278754;13,99;  165;  131; 25,95
2020-11-25;DRS 13 Ribeirão Preto;  70,86; 194,43;36,44; 1477530;13,16;  723; 1302;-44,47
2020-11-25;DRS 14 São João da Boa Vista;  28,00; 112,86;24,81;  809836;13,94;  354;  476;-25,63
2020-11-25;DRS 15 São José do Rio Preto; 134,14; 365,86;36,66; 1570421;23,30; 1288; 2104;-38,78
2020-11-25;DRS 16 Sorocaba; 127,57; 223,86;56,99; 2461760; 9,09; 1163;  923; 26,00
2020-11-25;DRS 17 Taubaté; 151,14; 393,00;38,46; 2489629;15,79; 1236; 1234;  0,16
2020-11-25;Estado de São Paulo;3714,14;7422,86;50,04;44639899;16,63;28998;29134; -0,47
2020-11-26;DRS 01 Grande São Paulo;2401,86;4172,14;57,57;21138247;19,74;17459;15123; 15,45
2020-11-26;DRS 02 Araçatuba;  38,29; 114,00;33,59;  764041;14,92;  338;  479;-29,44
2020-11-26;DRS 03 Araraquara;  39,14; 121,43;32,23;  991435;12,25;  593;  832;-28,73
2020-11-26;DRS 04 Baixada Santista; 218,57; 395,43;55,27; 1831884;21,59; 1309;  872; 50,11
2020-11-26;DRS 05 Barretos;  19,00;  90,00;21,11;  425090;21,17;  175;  486;-63,99
2020-11-26;DRS 06 Bauru; 108,29; 209,14;51,78; 1741281;12,01;  958; 1159;-17,34
2020-11-26;DRS 07 Campinas; 223,14; 537,29;41,53; 4562125;11,78; 1811; 1779;  1,80
2020-11-26;DRS 08 Franca;  31,43;  97,14;32,36;  696336;13,95;  228;  420;-45,71
2020-11-26;DRS 09 Marília;  64,57; 154,57;41,77; 1109670;13,93;  606;  658; -7,90
2020-11-26;DRS 10 Piracicaba;  56,29; 172,86;32,56; 1539600;11,23;  434;  540;-19,63
2020-11-26;DRS 11 Presidente Prudente;  28,57;  66,00;43,29;  752260; 8,77;  370;  509;-27,31
2020-11-26;DRS 12 Registro;  18,86;  39,00;48,36;  278754;13,99;  167;  126; 32,54
2020-11-26;DRS 13 Ribeirão Preto;  71,57; 193,57;36,97; 1477530;13,10;  723; 1279;-43,47
2020-11-26;DRS 14 São João da Boa Vista;  28,29; 113,71;24,88;  809836;14,04;  344;  480;-28,33
2020-11-26;DRS 15 São José do Rio Preto; 137,00; 365,29;37,50; 1570421;23,26; 1281; 2065;-37,97
2020-11-26;DRS 16 Sorocaba; 132,43; 225,43;58,75; 2461760; 9,16; 1192;  908; 31,28
2020-11-26;DRS 17 Taubaté; 154,14; 393,29;39,19; 2489629;15,80; 1271; 1215;  4,61
2020-11-26;Estado de São Paulo;3771,43;7460,29;50,55;44639899;16,71;29259;28930;  1,14
2020-11-27;DRS 01 Grande São Paulo;2434,57;4199,43;57,97;21138247;19,87;17743;15104; 17,47
2020-11-27;DRS 02 Araçatuba;  37,86; 114,00;33,21;  764041;14,92;  348;  477;-27,04
2020-11-27;DRS 03 Araraquara;  38,57; 121,29;31,80;  991435;12,23;  593;  831;-28,64
2020-11-27;DRS 04 Baixada Santista; 220,86; 396,00;55,77; 1831884;21,62; 1315;  890; 47,75
2020-11-27;DRS 05 Barretos;  20,71;  90,00;23,01;  425090;21,17;  172;  470;-63,40
2020-11-27;DRS 06 Bauru; 108,71; 208,71;52,09; 1741281;11,99;  974; 1137;-14,34
2020-11-27;DRS 07 Campinas; 230,43; 539,43;42,72; 4562125;11,82; 1847; 1741;  6,09
2020-11-27;DRS 08 Franca;  30,86;  96,71;31,91;  696336;13,89;  236;  408;-42,16
2020-11-27;DRS 09 Marília;  65,71; 154,57;42,51; 1109670;13,93;  612;  646; -5,26
2020-11-27;DRS 10 Piracicaba;  58,14; 174,43;33,33; 1539600;11,33;  438;  531;-17,51
2020-11-27;DRS 11 Presidente Prudente;  29,86;  65,86;45,34;  752260; 8,75;  381;  503;-24,25
2020-11-27;DRS 12 Registro;  19,86;  39,00;50,92;  278754;13,99;  174;  120; 45,00
2020-11-27;DRS 13 Ribeirão Preto;  71,00; 192,71;36,84; 1477530;13,04;  715; 1247;-42,66
2020-11-27;DRS 14 São João da Boa Vista;  28,14; 114,57;24,56;  809836;14,15;  345;  479;-27,97
2020-11-27;DRS 15 São José do Rio Preto; 141,43; 365,00;38,75; 1570421;23,24; 1288; 2019;-36,21
2020-11-27;DRS 16 Sorocaba; 138,14; 227,00;60,85; 2461760; 9,22; 1234;  909; 35,75
2020-11-27;DRS 17 Taubaté; 154,43; 391,86;39,41; 2489629;15,74; 1280; 1195;  7,11
2020-11-27;Estado de São Paulo;3829,29;7490,57;51,12;44639899;16,78;29695;28707;  3,44
2020-11-28;DRS 01 Grande São Paulo;2463,57;4210,14;58,52;21138247;19,92;17982;15090; 19,17
2020-11-28;DRS 02 Araçatuba;  37,86; 114,14;33,17;  764041;14,94;  350;  482;-27,39
2020-11-28;DRS 03 Araraquara;  37,86; 120,86;31,33;  991435;12,19;  575;  835;-31,14
2020-11-28;DRS 04 Baixada Santista; 220,86; 396,14;55,75; 1831884;21,62; 1338;  890; 50,34
2020-11-28;DRS 05 Barretos;  22,00;  90,00;24,44;  425090;21,17;  169;  459;-63,18
2020-11-28;DRS 06 Bauru; 109,14; 208,29;52,40; 1741281;11,96;  970; 1120;-13,39
2020-11-28;DRS 07 Campinas; 237,00; 541,43;43,77; 4562125;11,87; 1891; 1695; 11,56
2020-11-28;DRS 08 Franca;  32,00;  96,86;33,04;  696336;13,91;  230;  415;-44,58
2020-11-28;DRS 09 Marília;  67,57; 154,86;43,63; 1109670;13,96;  624;  641; -2,65
2020-11-28;DRS 10 Piracicaba;  59,57; 174,57;34,12; 1539600;11,34;  459;  509; -9,82
2020-11-28;DRS 11 Presidente Prudente;  30,71;  65,86;46,63;  752260; 8,75;  398;  495;-19,60
2020-11-28;DRS 12 Registro;  20,71;  39,00;53,10;  278754;13,99;  169;  125; 35,20
2020-11-28;DRS 13 Ribeirão Preto;  70,29; 190,86;36,83; 1477530;12,92;  704; 1205;-41,58
2020-11-28;DRS 14 São João da Boa Vista;  29,00; 114,43;25,34;  809836;14,13;  342;  477;-28,30
2020-11-28;DRS 15 São José do Rio Preto; 147,14; 364,00;40,42; 1570421;23,18; 1290; 1974;-34,65
2020-11-28;DRS 16 Sorocaba; 143,29; 228,57;62,69; 2461760; 9,28; 1256;  895; 40,34
2020-11-28;DRS 17 Taubaté; 155,29; 392,14;39,60; 2489629;15,75; 1300; 1177; 10,45
2020-11-28;Estado de São Paulo;3883,86;7502,14;51,77;44639899;16,81;30047;28484;  5,49
2020-11-29;DRS 01 Grande São Paulo;2483,00;4220,29;58,83;21138247;19,97;18265;15048; 21,38
2020-11-29;DRS 02 Araçatuba;  37,71; 114,57;32,91;  764041;15,00;  359;  472;-23,94
2020-11-29;DRS 03 Araraquara;  38,00; 120,86;31,44;  991435;12,19;  581;  815;-28,71
2020-11-29;DRS 04 Baixada Santista; 219,00; 397,57;55,08; 1831884;21,70; 1372;  893; 53,64
2020-11-29;DRS 05 Barretos;  22,43;  90,00;24,92;  425090;21,17;  171;  432;-60,42
2020-11-29;DRS 06 Bauru; 108,86; 208,71;52,16; 1741281;11,99;  993; 1088; -8,73
2020-11-29;DRS 07 Campinas; 241,71; 543,14;44,50; 4562125;11,91; 1929; 1658; 16,34
2020-11-29;DRS 08 Franca;  31,86;  96,86;32,89;  696336;13,91;  234;  401;-41,65
2020-11-29;DRS 09 Marília;  68,29; 154,86;44,10; 1109670;13,96;  631;  626;  0,80
2020-11-29;DRS 10 Piracicaba;  61,71; 175,71;35,12; 1539600;11,41;  470;  489; -3,89
2020-11-29;DRS 11 Presidente Prudente;  32,86;  66,29;49,57;  752260; 8,81;  408;  478;-14,64
2020-11-29;DRS 12 Registro;  20,43;  39,00;52,38;  278754;13,99;  169;  125; 35,20
2020-11-29;DRS 13 Ribeirão Preto;  69,71; 189,14;36,86; 1477530;12,80;  707; 1174;-39,78
2020-11-29;DRS 14 São João da Boa Vista;  29,29; 113,43;25,82;  809836;14,01;  329;  468;-29,70
2020-11-29;DRS 15 São José do Rio Preto; 149,14; 364,71;40,89; 1570421;23,22; 1302; 1915;-32,01
2020-11-29;DRS 16 Sorocaba; 145,14; 230,86;62,87; 2461760; 9,38; 1281;  881; 45,40
2020-11-29;DRS 17 Taubaté; 155,43; 392,00;39,65; 2489629;15,75; 1306; 1176; 11,05
2020-11-29;Estado de São Paulo;3914,57;7518,00;52,07;44639899;16,84;30507;28139;  8,42
2020-11-30;DRS 01 Grande São Paulo;2524,29;4235,14;59,60;21138247;20,04;18597;14932; 24,54
2020-11-30;DRS 02 Araçatuba;  37,71; 115,57;32,63;  764041;15,13;  362;  465;-22,15
2020-11-30;DRS 03 Araraquara;  37,86; 120,29;31,47;  991435;12,13;  584;  806;-27,54
2020-11-30;DRS 04 Baixada Santista; 215,57; 399,43;53,97; 1831884;21,80; 1384;  915; 51,26
2020-11-30;DRS 05 Barretos;  21,57;  89,57;24,08;  425090;21,07;  170;  415;-59,04
2020-11-30;DRS 06 Bauru; 107,71; 209,71;51,36; 1741281;12,04; 1007; 1061; -5,09
2020-11-30;DRS 07 Campinas; 246,14; 540,57;45,53; 4562125;11,85; 1987; 1608; 23,57
2020-11-30;DRS 08 Franca;  31,71;  96,71;32,79;  696336;13,89;  232;  380;-38,95
2020-11-30;DRS 09 Marília;  69,57; 154,43;45,05; 1109670;13,92;  646;  616;  4,87
2020-11-30;DRS 10 Piracicaba;  63,86; 176,00;36,28; 1539600;11,43;  472;  476; -0,84
2020-11-30;DRS 11 Presidente Prudente;  34,43;  66,57;51,72;  752260; 8,85;  424;  467; -9,21
2020-11-30;DRS 12 Registro;  20,43;  39,00;52,38;  278754;13,99;  169;  124; 36,29
2020-11-30;DRS 13 Ribeirão Preto;  70,29; 188,29;37,33; 1477530;12,74;  715; 1149;-37,77
2020-11-30;DRS 14 São João da Boa Vista;  30,43; 113,71;26,76;  809836;14,04;  323;  463;-30,24
2020-11-30;DRS 15 São José do Rio Preto; 152,00; 364,71;41,68; 1570421;23,22; 1320; 1874;-29,56
2020-11-30;DRS 16 Sorocaba; 145,71; 230,86;63,12; 2461760; 9,38; 1291;  870; 48,39
2020-11-30;DRS 17 Taubaté; 154,57; 391,14;39,52; 2489629;15,71; 1330; 1167; 13,97
2020-11-30;Estado de São Paulo;3963,86;7531,71;52,63;44639899;16,87;31013;27788; 11,61
2020-12-01;DRS 01 Grande São Paulo;2553,29;4249,71;60,08;21138247;20,10;18867;14780; 27,65
2020-12-01;DRS 02 Araçatuba;  37,71; 115,71;32,59;  764041;15,14;  365;  457;-20,13
2020-12-01;DRS 03 Araraquara;  38,00; 120,14;31,63;  991435;12,12;  591;  789;-25,10
2020-12-01;DRS 04 Baixada Santista; 213,71; 399,14;53,54; 1831884;21,79; 1408;  923; 52,55
2020-12-01;DRS 05 Barretos;  20,86;  89,57;23,29;  425090;21,07;  164;  393;-58,27
2020-12-01;DRS 06 Bauru; 106,57; 211,00;50,51; 1741281;12,12; 1020; 1032; -1,16
2020-12-01;DRS 07 Campinas; 253,71; 540,00;46,98; 4562125;11,84; 2049; 1571; 30,43
2020-12-01;DRS 08 Franca;  31,43;  96,57;32,55;  696336;13,87;  230;  371;-38,01
2020-12-01;DRS 09 Marília;  69,57; 154,86;44,92; 1109670;13,96;  655;  611;  7,20
2020-12-01;DRS 10 Piracicaba;  65,86; 174,43;37,76; 1539600;11,33;  477;  463;  3,02
2020-12-01;DRS 11 Presidente Prudente;  36,14;  67,00;53,94;  752260; 8,91;  433;  454; -4,63
2020-12-01;DRS 12 Registro;  20,71;  39,00;53,10;  278754;13,99;  175;  123; 42,28
2020-12-01;DRS 13 Ribeirão Preto;  69,00; 187,29;36,84; 1477530;12,68;  725; 1099;-34,03
2020-12-01;DRS 14 São João da Boa Vista;  31,14; 113,71;27,39;  809836;14,04;  329;  451;-27,05
2020-12-01;DRS 15 São José do Rio Preto; 157,29; 365,29;43,06; 1570421;23,26; 1343; 1834;-26,77
2020-12-01;DRS 16 Sorocaba; 146,43; 232,43;63,00; 2461760; 9,44; 1311;  876; 49,66
2020-12-01;DRS 17 Taubaté; 154,00; 391,29;39,36; 2489629;15,72; 1360; 1155; 17,75
2020-12-01;Estado de São Paulo;4005,43;7547,14;53,07;44639899;16,91;31502;27382; 15,05
2020-12-02;DRS 01 Grande São Paulo;2579,86;4251,29;60,68;21138247;20,11;19218;14655; 31,14
2020-12-02;DRS 02 Araçatuba;  38,14; 115,57;33,00;  764041;15,13;  367;  442;-16,97
2020-12-02;DRS 03 Araraquara;  38,86; 120,00;32,38;  991435;12,10;  605;  757;-20,08
2020-12-02;DRS 04 Baixada Santista; 213,71; 400,71;53,33; 1831884;21,87; 1420;  921; 54,18
2020-12-02;DRS 05 Barretos;  20,00;  89,71;22,29;  425090;21,10;  163;  375;-56,53
2020-12-02;DRS 06 Bauru; 106,00; 211,43;50,13; 1741281;12,14; 1047;  996;  5,12
2020-12-02;DRS 07 Campinas; 260,86; 533,57;48,89; 4562125;11,70; 2101; 1561; 34,59
2020-12-02;DRS 08 Franca;  31,71;  95,43;33,23;  696336;13,70;  228;  366;-37,70
2020-12-02;DRS 09 Marília;  71,43; 154,43;46,25; 1109670;13,92;  668;  601; 11,15
2020-12-02;DRS 10 Piracicaba;  66,86; 173,71;38,49; 1539600;11,28;  485;  444;  9,23
2020-12-02;DRS 11 Presidente Prudente;  37,43;  67,43;55,51;  752260; 8,96;  459;  430;  6,74
2020-12-02;DRS 12 Registro;  21,14;  39,00;54,21;  278754;13,99;  183;  124; 47,58
2020-12-02;DRS 13 Ribeirão Preto;  69,86; 187,71;37,22; 1477530;12,70;  714; 1064;-32,89
2020-12-02;DRS 14 São João da Boa Vista;  32,00; 113,00;28,32;  809836;13,95;  335;  441;-24,04
2020-12-02;DRS 15 São José do Rio Preto; 160,29; 365,00;43,92; 1570421;23,24; 1362; 1766;-22,88
2020-12-02;DRS 16 Sorocaba; 145,86; 233,43;62,49; 2461760; 9,48; 1339;  864; 54,98
2020-12-02;DRS 17 Taubaté; 153,00; 391,29;39,10; 2489629;15,72; 1409; 1135; 24,14
2020-12-02;Estado de São Paulo;4047,00;7542,71;53,65;44639899;16,90;32103;26942; 19,16
