datahora;nome_drs;total_covid_uti_mm7d;pop;leitos_pc;internacoes_7d;internacoes_7d_l;internacoes_7v7
2020-05-18;Município de São Paulo;2674,00;11869660;22,53; 5059; 4741;  6,71
2020-05-18;Grande SP Leste; 307,71; 2977781;10,33;  593;  478; 24,06
2020-05-18;Grande SP Norte;  51,00;  603465; 8,45;  120;  110;  9,09
2020-05-18;Grande SP Oeste; 198,43; 1858252;10,68;  546;  439; 24,37
2020-05-18;Grande SP Sudeste; 437,86; 2690590;16,27;  970;  825; 17,58
2020-05-18;Grande SP Sudoeste;  97,29; 1138499; 8,55;  339;  288; 17,71
2020-05-18;DRS 02 Araçatuba;  45,71;  764041; 5,98;   44;   64;-31,25
2020-05-18;DRS 03 Araraquara;  76,43;  991435; 7,71;  160;   70;128,57
2020-05-18;DRS 04 Baixada Santista; 255,86; 1831884;13,97;  487;  397; 22,67
2020-05-18;DRS 05 Barretos;  54,00;  425090;12,70;   81;   50; 62,00
2020-05-18;DRS 06 Bauru; 112,14; 1741281; 6,44;  268;  191; 40,31
2020-05-18;DRS 07 Campinas; 548,71; 4562125;12,03;  658;  557; 18,13
2020-05-18;DRS 08 Franca;  31,00;  696336; 4,45;   35;   36; -2,78
2020-05-18;DRS 09 Marília;  97,14; 1109670; 8,75;   67;   83;-19,28
2020-05-18;DRS 10 Piracicaba; 108,71; 1539600; 7,06;  135;  116; 16,38
2020-05-18;DRS 11 Presidente Prudente;  42,00;  752260; 5,58;   88;   89; -1,12
2020-05-18;DRS 12 Registro;  22,00;  278754; 7,89;   19;   12; 58,33
2020-05-18;DRS 13 Ribeirão Preto; 115,43; 1477530; 7,81;  173;  179; -3,35
2020-05-18;DRS 14 São João da Boa Vista;  77,71;  809836; 9,60;   74;   65; 13,85
2020-05-18;DRS 15 São José do Rio Preto; 199,00; 1570421;12,67;  178;  155; 14,84
2020-05-18;DRS 16 Sorocaba; 154,86; 2461760; 6,29;  232;  176; 31,82
2020-05-18;DRS 17 Taubaté; 199,71; 2489629; 8,02;  317;  255; 24,31
2020-05-18;Estado de São Paulo;5906,71;44639899;13,23;10643; 9376; 13,51
2020-05-19;Município de São Paulo;2711,86;11869660;22,85; 5067; 4761;  6,43
2020-05-19;Grande SP Leste; 312,86; 2977781;10,51;  607;  490; 23,88
2020-05-19;Grande SP Norte;  53,29;  603465; 8,83;  115;  110;  4,55
2020-05-19;Grande SP Oeste; 198,71; 1858252;10,69;  550;  454; 21,15
2020-05-19;Grande SP Sudeste; 454,86; 2690590;16,91;  986;  829; 18,94
2020-05-19;Grande SP Sudoeste;  97,29; 1138499; 8,55;  359;  283; 26,86
2020-05-19;DRS 02 Araçatuba;  46,14;  764041; 6,04;   49;   62;-20,97
2020-05-19;DRS 03 Araraquara;  77,86;  991435; 7,85;  157;   81; 93,83
2020-05-19;DRS 04 Baixada Santista; 260,57; 1831884;14,22;  512;  408; 25,49
2020-05-19;DRS 05 Barretos;  54,00;  425090;12,70;   83;   52; 59,62
2020-05-19;DRS 06 Bauru; 111,71; 1741281; 6,42;  261;  206; 26,70
2020-05-19;DRS 07 Campinas; 548,29; 4562125;12,02;  701;  561; 24,96
2020-05-19;DRS 08 Franca;  31,00;  696336; 4,45;   39;   34; 14,71
2020-05-19;DRS 09 Marília;  99,14; 1109670; 8,93;   66;   79;-16,46
2020-05-19;DRS 10 Piracicaba; 108,43; 1539600; 7,04;  141;  117; 20,51
2020-05-19;DRS 11 Presidente Prudente;  42,00;  752260; 5,58;   79;  101;-21,78
2020-05-19;DRS 12 Registro;  22,00;  278754; 7,89;   18;   10; 80,00
2020-05-19;DRS 13 Ribeirão Preto; 115,00; 1477530; 7,78;  193;  162; 19,14
2020-05-19;DRS 14 São João da Boa Vista;  77,71;  809836; 9,60;   75;   59; 27,12
2020-05-19;DRS 15 São José do Rio Preto; 200,14; 1570421;12,74;  182;  154; 18,18
2020-05-19;DRS 16 Sorocaba; 155,00; 2461760; 6,30;  244;  178; 37,08
2020-05-19;DRS 17 Taubaté; 203,14; 2489629; 8,16;  329;  263; 25,10
2020-05-19;Estado de São Paulo;5981,00;44639899;13,40;10813; 9454; 14,37
2020-05-20;Município de São Paulo;2743,29;11869660;23,11; 5147; 4784;  7,59
2020-05-20;Grande SP Leste; 315,57; 2977781;10,60;  632;  508; 24,41
2020-05-20;Grande SP Norte;  55,57;  603465; 9,21;  108;  120;-10,00
2020-05-20;Grande SP Oeste; 199,71; 1858252;10,75;  541;  492;  9,96
2020-05-20;Grande SP Sudeste; 461,14; 2690590;17,14; 1014;  829; 22,32
2020-05-20;Grande SP Sudoeste;  98,14; 1138499; 8,62;  370;  270; 37,04
2020-05-20;DRS 02 Araçatuba;  46,57;  764041; 6,10;   42;   68;-38,24
2020-05-20;DRS 03 Araraquara;  79,14;  991435; 7,98;  167;   79;111,39
2020-05-20;DRS 04 Baixada Santista; 267,29; 1831884;14,59;  531;  411; 29,20
2020-05-20;DRS 05 Barretos;  53,43;  425090;12,57;   81;   56; 44,64
2020-05-20;DRS 06 Bauru; 111,86; 1741281; 6,42;  254;  223; 13,90
2020-05-20;DRS 07 Campinas; 548,43; 4562125;12,02;  732;  567; 29,10
2020-05-20;DRS 08 Franca;  31,00;  696336; 4,45;   43;   33; 30,30
2020-05-20;DRS 09 Marília; 100,86; 1109670; 9,09;   68;   65;  4,62
2020-05-20;DRS 10 Piracicaba; 110,00; 1539600; 7,14;  156;  108; 44,44
2020-05-20;DRS 11 Presidente Prudente;  42,00;  752260; 5,58;   90;   92; -2,17
2020-05-20;DRS 12 Registro;  22,00;  278754; 7,89;   20;   12; 66,67
2020-05-20;DRS 13 Ribeirão Preto; 113,29; 1477530; 7,67;  202;  143; 41,26
2020-05-20;DRS 14 São João da Boa Vista;  77,71;  809836; 9,60;   70;   67;  4,48
2020-05-20;DRS 15 São José do Rio Preto; 203,29; 1570421;12,94;  185;  168; 10,12
2020-05-20;DRS 16 Sorocaba; 157,29; 2461760; 6,39;  244;  196; 24,49
2020-05-20;DRS 17 Taubaté; 203,43; 2489629; 8,17;  341;  275; 24,00
2020-05-20;Estado de São Paulo;6041,00;44639899;13,53;11038; 9566; 15,39
2020-05-21;Município de São Paulo;2763,43;11869660;23,28; 5185; 4810;  7,80
2020-05-21;Grande SP Leste; 319,00; 2977781;10,71;  654;  522; 25,29
2020-05-21;Grande SP Norte;  57,29;  603465; 9,49;  107;  116; -7,76
2020-05-21;Grande SP Oeste; 200,71; 1858252;10,80;  550;  502;  9,56
2020-05-21;Grande SP Sudeste; 471,14; 2690590;17,51; 1043;  831; 25,51
2020-05-21;Grande SP Sudoeste;  98,14; 1138499; 8,62;  410;  266; 54,14
2020-05-21;DRS 02 Araçatuba;  49,57;  764041; 6,49;   40;   63;-36,51
2020-05-21;DRS 03 Araraquara;  79,57;  991435; 8,03;  168;   91; 84,62
2020-05-21;DRS 04 Baixada Santista; 275,86; 1831884;15,06;  516;  427; 20,84
2020-05-21;DRS 05 Barretos;  52,86;  425090;12,44;   76;   66; 15,15
2020-05-21;DRS 06 Bauru; 112,29; 1741281; 6,45;  253;  226; 11,95
2020-05-21;DRS 07 Campinas; 548,57; 4562125;12,02;  754;  584; 29,11
2020-05-21;DRS 08 Franca;  31,00;  696336; 4,45;   39;   33; 18,18
2020-05-21;DRS 09 Marília; 101,71; 1109670; 9,17;   63;   60;  5,00
2020-05-21;DRS 10 Piracicaba; 110,29; 1539600; 7,16;  164;  107; 53,27
2020-05-21;DRS 11 Presidente Prudente;  42,00;  752260; 5,58;   84;   92; -8,70
2020-05-21;DRS 12 Registro;  22,00;  278754; 7,89;   20;   13; 53,85
2020-05-21;DRS 13 Ribeirão Preto; 111,29; 1477530; 7,53;  198;  153; 29,41
2020-05-21;DRS 14 São João da Boa Vista;  77,71;  809836; 9,60;   71;   67;  5,97
2020-05-21;DRS 15 São José do Rio Preto; 204,00; 1570421;12,99;  199;  166; 19,88
2020-05-21;DRS 16 Sorocaba; 158,00; 2461760; 6,42;  258;  204; 26,47
2020-05-21;DRS 17 Taubaté; 204,00; 2489629; 8,19;  336;  295; 13,90
2020-05-21;Estado de São Paulo;6090,43;44639899;13,64;11188; 9694; 15,41
2020-05-22;Município de São Paulo;2770,29;11869660;23,34; 5140; 5015;  2,49
2020-05-22;Grande SP Leste; 319,00; 2977781;10,71;  666;  555; 20,00
2020-05-22;Grande SP Norte;  58,86;  603465; 9,75;  114;  115; -0,87
2020-05-22;Grande SP Oeste; 200,57; 1858252;10,79;  542;  519;  4,43
2020-05-22;Grande SP Sudeste; 477,43; 2690590;17,74; 1041;  871; 19,52
2020-05-22;Grande SP Sudoeste;  98,14; 1138499; 8,62;  378;  282; 34,04
2020-05-22;DRS 02 Araçatuba;  52,14;  764041; 6,82;   48;   56;-14,29
2020-05-22;DRS 03 Araraquara;  85,71;  991435; 8,65;  171;  112; 52,68
2020-05-22;DRS 04 Baixada Santista; 285,86; 1831884;15,60;  542;  443; 22,35
2020-05-22;DRS 05 Barretos;  52,29;  425090;12,30;   75;   68; 10,29
2020-05-22;DRS 06 Bauru; 113,00; 1741281; 6,49;  256;  236;  8,47
2020-05-22;DRS 07 Campinas; 547,00; 4562125;11,99;  771;  610; 26,39
2020-05-22;DRS 08 Franca;  31,00;  696336; 4,45;   33;   36; -8,33
2020-05-22;DRS 09 Marília; 103,00; 1109670; 9,28;   60;   62; -3,23
2020-05-22;DRS 10 Piracicaba; 110,71; 1539600; 7,19;  161;  119; 35,29
2020-05-22;DRS 11 Presidente Prudente;  42,00;  752260; 5,58;   85;   98;-13,27
2020-05-22;DRS 12 Registro;  22,00;  278754; 7,89;   22;   13; 69,23
2020-05-22;DRS 13 Ribeirão Preto; 109,71; 1477530; 7,43;  202;  163; 23,93
2020-05-22;DRS 14 São João da Boa Vista;  77,71;  809836; 9,60;   75;   69;  8,70
2020-05-22;DRS 15 São José do Rio Preto; 199,14; 1570421;12,68;  224;  160; 40,00
2020-05-22;DRS 16 Sorocaba; 158,00; 2461760; 6,42;  256;  217; 17,97
2020-05-22;DRS 17 Taubaté; 203,86; 2489629; 8,19;  368;  295; 24,75
2020-05-22;Estado de São Paulo;6117,43;44639899;13,70;11230;10114; 11,03
2020-05-23;Município de São Paulo;2809,00;11869660;23,67; 5221; 5081;  2,76
2020-05-23;Grande SP Leste; 318,86; 2977781;10,71;  661;  577; 14,56
2020-05-23;Grande SP Norte;  60,14;  603465; 9,97;  134;  112; 19,64
2020-05-23;Grande SP Oeste; 200,43; 1858252;10,79;  566;  528;  7,20
2020-05-23;Grande SP Sudeste; 483,57; 2690590;17,97; 1070;  927; 15,43
2020-05-23;Grande SP Sudoeste;  98,86; 1138499; 8,68;  378;  285; 32,63
2020-05-23;DRS 02 Araçatuba;  54,71;  764041; 7,16;   57;   49; 16,33
2020-05-23;DRS 03 Araraquara;  86,14;  991435; 8,69;  177;  120; 47,50
2020-05-23;DRS 04 Baixada Santista; 295,43; 1831884;16,13;  556;  442; 25,79
2020-05-23;DRS 05 Barretos;  52,29;  425090;12,30;   61;   76;-19,74
2020-05-23;DRS 06 Bauru; 113,43; 1741281; 6,51;  261;  263; -0,76
2020-05-23;DRS 07 Campinas; 549,00; 4562125;12,03;  796;  629; 26,55
2020-05-23;DRS 08 Franca;  31,00;  696336; 4,45;   33;   35; -5,71
2020-05-23;DRS 09 Marília; 103,71; 1109670; 9,35;   63;   65; -3,08
2020-05-23;DRS 10 Piracicaba; 113,43; 1539600; 7,37;  164;  133; 23,31
2020-05-23;DRS 11 Presidente Prudente;  42,14;  752260; 5,60;   79;   92;-14,13
2020-05-23;DRS 12 Registro;  22,00;  278754; 7,89;   24;   14; 71,43
2020-05-23;DRS 13 Ribeirão Preto; 114,00; 1477530; 7,72;  200;  167; 19,76
2020-05-23;DRS 14 São João da Boa Vista;  76,57;  809836; 9,46;   74;   65; 13,85
2020-05-23;DRS 15 São José do Rio Preto; 202,14; 1570421;12,87;  237;  166; 42,77
2020-05-23;DRS 16 Sorocaba; 156,57; 2461760; 6,36;  252;  238;  5,88
2020-05-23;DRS 17 Taubaté; 203,86; 2489629; 8,19;  379;  291; 30,24
2020-05-23;Estado de São Paulo;6187,29;44639899;13,86;11443;10355; 10,51
2020-05-24;Município de São Paulo;2836,57;11869660;23,90; 5325; 5091;  4,60
2020-05-24;Grande SP Leste; 318,86; 2977781;10,71;  660;  591; 11,68
2020-05-24;Grande SP Norte;  61,43;  603465;10,18;  133;  122;  9,02
2020-05-24;Grande SP Oeste; 202,43; 1858252;10,89;  562;  544;  3,31
2020-05-24;Grande SP Sudeste; 495,14; 2690590;18,40; 1118;  934; 19,70
2020-05-24;Grande SP Sudoeste;  99,86; 1138499; 8,77;  352;  329;  6,99
2020-05-24;DRS 02 Araçatuba;  57,29;  764041; 7,50;   57;   43; 32,56
2020-05-24;DRS 03 Araraquara;  86,57;  991435; 8,73;  151;  156; -3,21
2020-05-24;DRS 04 Baixada Santista; 303,71; 1831884;16,58;  565;  451; 25,28
2020-05-24;DRS 05 Barretos;  52,29;  425090;12,30;   61;   76;-19,74
2020-05-24;DRS 06 Bauru; 113,43; 1741281; 6,51;  262;  268; -2,24
2020-05-24;DRS 07 Campinas; 549,14; 4562125;12,04;  802;  637; 25,90
2020-05-24;DRS 08 Franca;  31,00;  696336; 4,45;   35;   38; -7,89
2020-05-24;DRS 09 Marília; 105,29; 1109670; 9,49;   63;   65; -3,08
2020-05-24;DRS 10 Piracicaba; 115,29; 1539600; 7,49;  169;  141; 19,86
2020-05-24;DRS 11 Presidente Prudente;  42,14;  752260; 5,60;   77;   89;-13,48
2020-05-24;DRS 12 Registro;  22,00;  278754; 7,89;   23;   14; 64,29
2020-05-24;DRS 13 Ribeirão Preto; 117,71; 1477530; 7,97;  208;  177; 17,51
2020-05-24;DRS 14 São João da Boa Vista;  76,71;  809836; 9,47;   73;   74; -1,35
2020-05-24;DRS 15 São José do Rio Preto; 202,86; 1570421;12,92;  241;  168; 43,45
2020-05-24;DRS 16 Sorocaba; 156,14; 2461760; 6,34;  258;  244;  5,74
2020-05-24;DRS 17 Taubaté; 202,00; 2489629; 8,11;  389;  305; 27,54
2020-05-24;Estado de São Paulo;6247,86;44639899;14,00;11584;10557;  9,73
2020-05-25;Município de São Paulo;2847,00;11869660;23,99; 5354; 5059;  5,83
2020-05-25;Grande SP Leste; 322,14; 2977781;10,82;  657;  593; 10,79
2020-05-25;Grande SP Norte;  62,29;  603465;10,32;  125;  120;  4,17
2020-05-25;Grande SP Oeste; 204,14; 1858252;10,99;  568;  546;  4,03
2020-05-25;Grande SP Sudeste; 499,71; 2690590;18,57; 1120;  970; 15,46
2020-05-25;Grande SP Sudoeste; 100,43; 1138499; 8,82;  344;  339;  1,47
2020-05-25;DRS 02 Araçatuba;  60,86;  764041; 7,97;   56;   44; 27,27
2020-05-25;DRS 03 Araraquara;  85,57;  991435; 8,63;  145;  160; -9,37
2020-05-25;DRS 04 Baixada Santista; 310,14; 1831884;16,93;  535;  487;  9,86
2020-05-25;DRS 05 Barretos;  52,29;  425090;12,30;   56;   81;-30,86
2020-05-25;DRS 06 Bauru; 114,00; 1741281; 6,55;  264;  268; -1,49
2020-05-25;DRS 07 Campinas; 550,71; 4562125;12,07;  797;  658; 21,12
2020-05-25;DRS 08 Franca;  30,43;  696336; 4,37;   38;   35;  8,57
2020-05-25;DRS 09 Marília; 106,71; 1109670; 9,62;   64;   67; -4,48
2020-05-25;DRS 10 Piracicaba; 115,57; 1539600; 7,51;  175;  135; 29,63
2020-05-25;DRS 11 Presidente Prudente;  42,14;  752260; 5,60;   69;   88;-21,59
2020-05-25;DRS 12 Registro;  22,00;  278754; 7,89;   23;   19; 21,05
2020-05-25;DRS 13 Ribeirão Preto; 121,14; 1477530; 8,20;  223;  173; 28,90
2020-05-25;DRS 14 São João da Boa Vista;  76,71;  809836; 9,47;   77;   74;  4,05
2020-05-25;DRS 15 São José do Rio Preto; 203,57; 1570421;12,96;  247;  178; 38,76
2020-05-25;DRS 16 Sorocaba; 156,43; 2461760; 6,35;  279;  232; 20,26
2020-05-25;DRS 17 Taubaté; 203,00; 2489629; 8,15;  384;  317; 21,14
2020-05-25;Estado de São Paulo;6287,00;44639899;14,08;11600;10643;  8,99
2020-05-26;Município de São Paulo;2881,71;11869660;24,28; 5375; 5067;  6,08
2020-05-26;Grande SP Leste; 322,00; 2977781;10,81;  671;  607; 10,54
2020-05-26;Grande SP Norte;  62,29;  603465;10,32;  145;  115; 26,09
2020-05-26;Grande SP Oeste; 205,57; 1858252;11,06;  579;  550;  5,27
2020-05-26;Grande SP Sudeste; 495,86; 2690590;18,43; 1136;  986; 15,21
2020-05-26;Grande SP Sudoeste; 101,14; 1138499; 8,88;  341;  359; -5,01
2020-05-26;DRS 02 Araçatuba;  63,43;  764041; 8,30;   50;   49;  2,04
2020-05-26;DRS 03 Araraquara;  84,57;  991435; 8,53;  149;  157; -5,10
2020-05-26;DRS 04 Baixada Santista; 319,29; 1831884;17,43;  535;  512;  4,49
2020-05-26;DRS 05 Barretos;  52,71;  425090;12,40;   53;   83;-36,14
2020-05-26;DRS 06 Bauru; 114,14; 1741281; 6,55;  260;  261; -0,38
2020-05-26;DRS 07 Campinas; 552,43; 4562125;12,11;  769;  701;  9,70
2020-05-26;DRS 08 Franca;  30,43;  696336; 4,37;   37;   39; -5,13
2020-05-26;DRS 09 Marília; 106,86; 1109670; 9,63;   65;   66; -1,52
2020-05-26;DRS 10 Piracicaba; 116,29; 1539600; 7,55;  179;  141; 26,95
2020-05-26;DRS 11 Presidente Prudente;  42,14;  752260; 5,60;   58;   79;-26,58
2020-05-26;DRS 12 Registro;  22,00;  278754; 7,89;   25;   18; 38,89
2020-05-26;DRS 13 Ribeirão Preto; 124,57; 1477530; 8,43;  220;  193; 13,99
2020-05-26;DRS 14 São João da Boa Vista;  76,71;  809836; 9,47;   78;   75;  4,00
2020-05-26;DRS 15 São José do Rio Preto; 203,57; 1570421;12,96;  245;  182; 34,62
2020-05-26;DRS 16 Sorocaba; 156,57; 2461760; 6,36;  281;  244; 15,16
2020-05-26;DRS 17 Taubaté; 205,43; 2489629; 8,25;  363;  329; 10,33
2020-05-26;Estado de São Paulo;6339,71;44639899;14,20;11614;10813;  7,41
2020-05-27;Município de São Paulo;2906,43;11869660;24,49; 5421; 5147;  5,32
2020-05-27;Grande SP Leste; 324,00; 2977781;10,88;  635;  632;  0,47
2020-05-27;Grande SP Norte;  62,71;  603465;10,39;  153;  108; 41,67
2020-05-27;Grande SP Oeste; 206,29; 1858252;11,10;  576;  541;  6,47
2020-05-27;Grande SP Sudeste; 500,14; 2690590;18,59; 1152; 1014; 13,61
2020-05-27;Grande SP Sudoeste; 101,86; 1138499; 8,95;  334;  370; -9,73
2020-05-27;DRS 02 Araçatuba;  66,00;  764041; 8,64;   52;   42; 23,81
2020-05-27;DRS 03 Araraquara;  83,71;  991435; 8,44;  138;  167;-17,37
2020-05-27;DRS 04 Baixada Santista; 327,43; 1831884;17,87;  545;  531;  2,64
2020-05-27;DRS 05 Barretos;  53,29;  425090;12,54;   47;   81;-41,98
2020-05-27;DRS 06 Bauru; 114,57; 1741281; 6,58;  256;  254;  0,79
2020-05-27;DRS 07 Campinas; 552,71; 4562125;12,12;  751;  732;  2,60
2020-05-27;DRS 08 Franca;  30,43;  696336; 4,37;   36;   43;-16,28
2020-05-27;DRS 09 Marília; 105,71; 1109670; 9,53;   73;   68;  7,35
2020-05-27;DRS 10 Piracicaba; 115,71; 1539600; 7,52;  161;  156;  3,21
2020-05-27;DRS 11 Presidente Prudente;  42,14;  752260; 5,60;   49;   90;-45,56
2020-05-27;DRS 12 Registro;  22,00;  278754; 7,89;   27;   20; 35,00
2020-05-27;DRS 13 Ribeirão Preto; 129,57; 1477530; 8,77;  218;  202;  7,92
2020-05-27;DRS 14 São João da Boa Vista;  76,86;  809836; 9,49;   83;   70; 18,57
2020-05-27;DRS 15 São José do Rio Preto; 201,29; 1570421;12,82;  241;  185; 30,27
2020-05-27;DRS 16 Sorocaba; 154,29; 2461760; 6,27;  273;  244; 11,89
2020-05-27;DRS 17 Taubaté; 211,43; 2489629; 8,49;  360;  341;  5,57
2020-05-27;Estado de São Paulo;6388,57;44639899;14,31;11581;11038;  4,92
2020-05-28;Município de São Paulo;2940,00;11869660;24,77; 5486; 5185;  5,81
2020-05-28;Grande SP Leste; 333,14; 2977781;11,19;  646;  654; -1,22
2020-05-28;Grande SP Norte;  60,43;  603465;10,01;  165;  107; 54,21
2020-05-28;Grande SP Oeste; 207,00; 1858252;11,14;  586;  550;  6,55
2020-05-28;Grande SP Sudeste; 510,86; 2690590;18,99; 1241; 1043; 18,98
2020-05-28;Grande SP Sudoeste; 104,00; 1138499; 9,13;  294;  410;-28,29
2020-05-28;DRS 02 Araçatuba;  66,00;  764041; 8,64;   52;   40; 30,00
2020-05-28;DRS 03 Araraquara;  81,57;  991435; 8,23;  143;  168;-14,88
2020-05-28;DRS 04 Baixada Santista; 334,29; 1831884;18,25;  558;  516;  8,14
2020-05-28;DRS 05 Barretos;  53,86;  425090;12,67;   43;   76;-43,42
2020-05-28;DRS 06 Bauru; 114,86; 1741281; 6,60;  236;  253; -6,72
2020-05-28;DRS 07 Campinas; 555,43; 4562125;12,17;  758;  754;  0,53
2020-05-28;DRS 08 Franca;  30,43;  696336; 4,37;   38;   39; -2,56
2020-05-28;DRS 09 Marília; 105,43; 1109670; 9,50;   80;   63; 26,98
2020-05-28;DRS 10 Piracicaba; 118,00; 1539600; 7,66;  155;  164; -5,49
2020-05-28;DRS 11 Presidente Prudente;  42,14;  752260; 5,60;   50;   84;-40,48
2020-05-28;DRS 12 Registro;  22,00;  278754; 7,89;   26;   20; 30,00
2020-05-28;DRS 13 Ribeirão Preto; 134,86; 1477530; 9,13;  221;  198; 11,62
2020-05-28;DRS 14 São João da Boa Vista;  76,86;  809836; 9,49;   84;   71; 18,31
2020-05-28;DRS 15 São José do Rio Preto; 201,29; 1570421;12,82;  246;  199; 23,62
2020-05-28;DRS 16 Sorocaba; 155,00; 2461760; 6,30;  267;  258;  3,49
2020-05-28;DRS 17 Taubaté; 218,43; 2489629; 8,77;  351;  336;  4,46
2020-05-28;Estado de São Paulo;6465,86;44639899;14,48;11726;11188;  4,81
2020-05-29;Município de São Paulo;2977,00;11869660;25,08; 5636; 5140;  9,65
2020-05-29;Grande SP Leste; 340,86; 2977781;11,45;  631;  666; -5,26
2020-05-29;Grande SP Norte;  60,43;  603465;10,01;  155;  114; 35,96
2020-05-29;Grande SP Oeste; 207,57; 1858252;11,17;  590;  542;  8,86
2020-05-29;Grande SP Sudeste; 523,86; 2690590;19,47; 1279; 1041; 22,86
2020-05-29;Grande SP Sudoeste; 106,14; 1138499; 9,32;  298;  378;-21,16
2020-05-29;DRS 02 Araçatuba;  66,00;  764041; 8,64;   51;   48;  6,25
2020-05-29;DRS 03 Araraquara;  74,57;  991435; 7,52;  129;  171;-24,56
2020-05-29;DRS 04 Baixada Santista; 339,57; 1831884;18,54;  569;  542;  4,98
2020-05-29;DRS 05 Barretos;  54,43;  425090;12,80;   46;   75;-38,67
2020-05-29;DRS 06 Bauru; 114,86; 1741281; 6,60;  221;  256;-13,67
2020-05-29;DRS 07 Campinas; 557,57; 4562125;12,22;  779;  771;  1,04
2020-05-29;DRS 08 Franca;  30,43;  696336; 4,37;   38;   33; 15,15
2020-05-29;DRS 09 Marília; 105,14; 1109670; 9,47;   92;   60; 53,33
2020-05-29;DRS 10 Piracicaba; 120,14; 1539600; 7,80;  153;  161; -4,97
2020-05-29;DRS 11 Presidente Prudente;  42,14;  752260; 5,60;   38;   85;-55,29
2020-05-29;DRS 12 Registro;  22,00;  278754; 7,89;   25;   22; 13,64
2020-05-29;DRS 13 Ribeirão Preto; 141,43; 1477530; 9,57;  219;  202;  8,42
2020-05-29;DRS 14 São João da Boa Vista;  76,86;  809836; 9,49;   84;   75; 12,00
2020-05-29;DRS 15 São José do Rio Preto; 201,29; 1570421;12,82;  236;  224;  5,36
2020-05-29;DRS 16 Sorocaba; 155,71; 2461760; 6,33;  282;  256; 10,16
2020-05-29;DRS 17 Taubaté; 225,57; 2489629; 9,06;  323;  368;-12,23
2020-05-29;Estado de São Paulo;6543,57;44639899;14,66;11874;11230;  5,73
2020-05-30;Município de São Paulo;3000,57;11869660;25,28; 5629; 5221;  7,81
2020-05-30;Grande SP Leste; 348,43; 2977781;11,70;  630;  661; -4,69
2020-05-30;Grande SP Norte;  60,57;  603465;10,04;  132;  134; -1,49
2020-05-30;Grande SP Oeste; 208,00; 1858252;11,19;  567;  566;  0,18
2020-05-30;Grande SP Sudeste; 533,43; 2690590;19,83; 1288; 1070; 20,37
2020-05-30;Grande SP Sudoeste; 107,57; 1138499; 9,45;  276;  378;-26,98
2020-05-30;DRS 02 Araçatuba;  66,00;  764041; 8,64;   50;   57;-12,28
2020-05-30;DRS 03 Araraquara;  72,43;  991435; 7,31;  113;  177;-36,16
2020-05-30;DRS 04 Baixada Santista; 344,86; 1831884;18,83;  582;  556;  4,68
2020-05-30;DRS 05 Barretos;  54,43;  425090;12,80;   48;   61;-21,31
2020-05-30;DRS 06 Bauru; 115,00; 1741281; 6,60;  205;  261;-21,46
2020-05-30;DRS 07 Campinas; 560,71; 4562125;12,29;  770;  796; -3,27
2020-05-30;DRS 08 Franca;  30,43;  696336; 4,37;   40;   33; 21,21
2020-05-30;DRS 09 Marília; 105,29; 1109670; 9,49;   98;   63; 55,56
2020-05-30;DRS 10 Piracicaba; 120,71; 1539600; 7,84;  152;  164; -7,32
2020-05-30;DRS 11 Presidente Prudente;  42,00;  752260; 5,58;   45;   79;-43,04
2020-05-30;DRS 12 Registro;  22,00;  278754; 7,89;   26;   24;  8,33
2020-05-30;DRS 13 Ribeirão Preto; 142,14; 1477530; 9,62;  232;  200; 16,00
2020-05-30;DRS 14 São João da Boa Vista;  78,14;  809836; 9,65;   86;   74; 16,22
2020-05-30;DRS 15 São José do Rio Preto; 199,71; 1570421;12,72;  232;  237; -2,11
2020-05-30;DRS 16 Sorocaba; 156,57; 2461760; 6,36;  282;  252; 11,90
2020-05-30;DRS 17 Taubaté; 232,86; 2489629; 9,35;  313;  379;-17,41
2020-05-30;Estado de São Paulo;6601,86;44639899;14,79;11796;11443;  3,08
2020-05-31;Município de São Paulo;3049,57;11869660;25,69; 5676; 5325;  6,59
2020-05-31;Grande SP Leste; 353,29; 2977781;11,86;  638;  660; -3,33
2020-05-31;Grande SP Norte;  60,71;  603465;10,06;  128;  133; -3,76
2020-05-31;Grande SP Oeste; 206,71; 1858252;11,12;  556;  562; -1,07
2020-05-31;Grande SP Sudeste; 536,71; 2690590;19,95; 1297; 1118; 16,01
2020-05-31;Grande SP Sudoeste; 108,71; 1138499; 9,55;  258;  352;-26,70
2020-05-31;DRS 02 Araçatuba;  66,00;  764041; 8,64;   62;   57;  8,77
2020-05-31;DRS 03 Araraquara;  70,29;  991435; 7,09;  118;  151;-21,85
2020-05-31;DRS 04 Baixada Santista; 350,00; 1831884;19,11;  591;  565;  4,60
2020-05-31;DRS 05 Barretos;  54,43;  425090;12,80;   45;   61;-26,23
2020-05-31;DRS 06 Bauru; 118,57; 1741281; 6,81;  203;  262;-22,52
2020-05-31;DRS 07 Campinas; 561,71; 4562125;12,31;  775;  802; -3,37
2020-05-31;DRS 08 Franca;  30,43;  696336; 4,37;   45;   35; 28,57
2020-05-31;DRS 09 Marília; 104,29; 1109670; 9,40;  100;   63; 58,73
2020-05-31;DRS 10 Piracicaba; 120,29; 1539600; 7,81;  143;  169;-15,38
2020-05-31;DRS 11 Presidente Prudente;  42,00;  752260; 5,58;   41;   77;-46,75
2020-05-31;DRS 12 Registro;  22,00;  278754; 7,89;   26;   23; 13,04
2020-05-31;DRS 13 Ribeirão Preto; 143,71; 1477530; 9,73;  230;  208; 10,58
2020-05-31;DRS 14 São João da Boa Vista;  84,14;  809836;10,39;   88;   73; 20,55
2020-05-31;DRS 15 São José do Rio Preto; 199,43; 1570421;12,70;  243;  241;  0,83
2020-05-31;DRS 16 Sorocaba; 157,43; 2461760; 6,40;  268;  258;  3,88
2020-05-31;DRS 17 Taubaté; 244,00; 2489629; 9,80;  294;  389;-24,42
2020-05-31;Estado de São Paulo;6684,43;44639899;14,97;11825;11584;  2,08
2020-06-01;Município de São Paulo;3080,71;11869660;25,95; 5736; 5354;  7,13
2020-06-01;Grande SP Leste; 360,86; 2977781;12,12;  670;  657;  1,98
2020-06-01;Grande SP Norte;  61,29;  603465;10,16;  130;  125;  4,00
2020-06-01;Grande SP Oeste; 206,71; 1858252;11,12;  557;  568; -1,94
2020-06-01;Grande SP Sudeste; 544,57; 2690590;20,24; 1315; 1120; 17,41
2020-06-01;Grande SP Sudoeste; 112,86; 1138499; 9,91;  269;  344;-21,80
2020-06-01;DRS 02 Araçatuba;  65,00;  764041; 8,51;   62;   56; 10,71
2020-06-01;DRS 03 Araraquara;  68,14;  991435; 6,87;  126;  145;-13,10
2020-06-01;DRS 04 Baixada Santista; 354,57; 1831884;19,36;  601;  535; 12,34
2020-06-01;DRS 05 Barretos;  55,00;  425090;12,94;   44;   56;-21,43
2020-06-01;DRS 06 Bauru; 118,57; 1741281; 6,81;  199;  264;-24,62
2020-06-01;DRS 07 Campinas; 564,43; 4562125;12,37;  849;  797;  6,52
2020-06-01;DRS 08 Franca;  31,00;  696336; 4,45;   41;   38;  7,89
2020-06-01;DRS 09 Marília; 103,00; 1109670; 9,28;  102;   64; 59,38
2020-06-01;DRS 10 Piracicaba; 122,57; 1539600; 7,96;  146;  175;-16,57
2020-06-01;DRS 11 Presidente Prudente;  42,00;  752260; 5,58;   45;   69;-34,78
2020-06-01;DRS 12 Registro;  22,00;  278754; 7,89;   22;   23; -4,35
2020-06-01;DRS 13 Ribeirão Preto; 145,29; 1477530; 9,83;  241;  223;  8,07
2020-06-01;DRS 14 São João da Boa Vista;  84,14;  809836;10,39;   90;   77; 16,88
2020-06-01;DRS 15 São José do Rio Preto; 198,14; 1570421;12,62;  249;  247;  0,81
2020-06-01;DRS 16 Sorocaba; 157,57; 2461760; 6,40;  256;  279; -8,24
2020-06-01;DRS 17 Taubaté; 251,29; 2489629;10,09;  300;  384;-21,88
2020-06-01;Estado de São Paulo;6749,71;44639899;15,12;12050;11600;  3,88
2020-06-02;Município de São Paulo;3103,71;11869660;26,15; 5747; 5375;  6,92
2020-06-02;Grande SP Leste; 372,00; 2977781;12,49;  664;  671; -1,04
2020-06-02;Grande SP Norte;  61,86;  603465;10,25;  115;  145;-20,69
2020-06-02;Grande SP Oeste; 206,71; 1858252;11,12;  544;  579; -6,04
2020-06-02;Grande SP Sudeste; 573,43; 2690590;21,31; 1332; 1136; 17,25
2020-06-02;Grande SP Sudoeste; 112,86; 1138499; 9,91;  259;  341;-24,05
2020-06-02;DRS 02 Araçatuba;  65,00;  764041; 8,51;   71;   50; 42,00
2020-06-02;DRS 03 Araraquara;  67,43;  991435; 6,80;  136;  149; -8,72
2020-06-02;DRS 04 Baixada Santista; 355,00; 1831884;19,38;  603;  535; 12,71
2020-06-02;DRS 05 Barretos;  54,86;  425090;12,91;   47;   53;-11,32
2020-06-02;DRS 06 Bauru; 119,00; 1741281; 6,83;  218;  260;-16,15
2020-06-02;DRS 07 Campinas; 569,29; 4562125;12,48;  912;  769; 18,60
2020-06-02;DRS 08 Franca;  31,00;  696336; 4,45;   42;   37; 13,51
2020-06-02;DRS 09 Marília; 101,71; 1109670; 9,17;  114;   65; 75,38
2020-06-02;DRS 10 Piracicaba; 124,14; 1539600; 8,06;  145;  179;-18,99
2020-06-02;DRS 11 Presidente Prudente;  42,00;  752260; 5,58;   53;   58; -8,62
2020-06-02;DRS 12 Registro;  22,71;  278754; 8,15;   23;   25; -8,00
2020-06-02;DRS 13 Ribeirão Preto; 146,86; 1477530; 9,94;  266;  220; 20,91
2020-06-02;DRS 14 São João da Boa Vista;  84,71;  809836;10,46;   93;   78; 19,23
2020-06-02;DRS 15 São José do Rio Preto; 205,29; 1570421;13,07;  273;  245; 11,43
2020-06-02;DRS 16 Sorocaba; 159,00; 2461760; 6,46;  249;  281;-11,39
2020-06-02;DRS 17 Taubaté; 255,71; 2489629;10,27;  319;  363;-12,12
2020-06-02;Estado de São Paulo;6834,29;44639899;15,31;12225;11614;  5,26
2020-06-03;Município de São Paulo;3142,00;11869660;26,47; 5711; 5421;  5,35
2020-06-03;Grande SP Leste; 380,86; 2977781;12,79;  691;  635;  8,82
2020-06-03;Grande SP Norte;  63,14;  603465;10,46;  108;  153;-29,41
2020-06-03;Grande SP Oeste; 208,29; 1858252;11,21;  527;  576; -8,51
2020-06-03;Grande SP Sudeste; 594,14; 2690590;22,08; 1330; 1152; 15,45
2020-06-03;Grande SP Sudoeste; 112,86; 1138499; 9,91;  271;  334;-18,86
2020-06-03;DRS 02 Araçatuba;  67,71;  764041; 8,86;   79;   52; 51,92
2020-06-03;DRS 03 Araraquara;  65,57;  991435; 6,61;  139;  138;  0,72
2020-06-03;DRS 04 Baixada Santista; 355,43; 1831884;19,40;  623;  545; 14,31
2020-06-03;DRS 05 Barretos;  54,86;  425090;12,91;   54;   47; 14,89
2020-06-03;DRS 06 Bauru; 118,86; 1741281; 6,83;  226;  256;-11,72
2020-06-03;DRS 07 Campinas; 572,71; 4562125;12,55;  942;  751; 25,43
2020-06-03;DRS 08 Franca;  31,00;  696336; 4,45;   42;   36; 16,67
2020-06-03;DRS 09 Marília; 100,71; 1109670; 9,08;  126;   73; 72,60
2020-06-03;DRS 10 Piracicaba; 126,57; 1539600; 8,22;  163;  161;  1,24
2020-06-03;DRS 11 Presidente Prudente;  42,00;  752260; 5,58;   52;   49;  6,12
2020-06-03;DRS 12 Registro;  23,43;  278754; 8,41;   19;   27;-29,63
2020-06-03;DRS 13 Ribeirão Preto; 148,43; 1477530;10,05;  283;  218; 29,82
2020-06-03;DRS 14 São João da Boa Vista;  85,14;  809836;10,51;   97;   83; 16,87
2020-06-03;DRS 15 São José do Rio Preto; 212,57; 1570421;13,54;  266;  241; 10,37
2020-06-03;DRS 16 Sorocaba; 159,71; 2461760; 6,49;  258;  273; -5,49
2020-06-03;DRS 17 Taubaté; 260,71; 2489629;10,47;  335;  360; -6,94
2020-06-03;Estado de São Paulo;6926,71;44639899;15,52;12342;11581;  6,57
2020-06-04;Município de São Paulo;3168,57;11869660;26,69; 5720; 5486;  4,27
2020-06-04;Grande SP Leste; 382,43; 2977781;12,84;  681;  646;  5,42
2020-06-04;Grande SP Norte;  67,14;  603465;11,13;  105;  165;-36,36
2020-06-04;Grande SP Oeste; 209,14; 1858252;11,25;  512;  586;-12,63
2020-06-04;Grande SP Sudeste; 613,57; 2690590;22,80; 1252; 1241;  0,89
2020-06-04;Grande SP Sudoeste; 112,71; 1138499; 9,90;  275;  294; -6,46
2020-06-04;DRS 02 Araçatuba;  67,71;  764041; 8,86;   90;   52; 73,08
2020-06-04;DRS 03 Araraquara;  65,86;  991435; 6,64;  135;  143; -5,59
2020-06-04;DRS 04 Baixada Santista; 356,86; 1831884;19,48;  607;  558;  8,78
2020-06-04;DRS 05 Barretos;  54,71;  425090;12,87;   65;   43; 51,16
2020-06-04;DRS 06 Bauru; 119,43; 1741281; 6,86;  237;  236;  0,42
2020-06-04;DRS 07 Campinas; 577,00; 4562125;12,65;  974;  758; 28,50
2020-06-04;DRS 08 Franca;  31,00;  696336; 4,45;   42;   38; 10,53
2020-06-04;DRS 09 Marília; 100,86; 1109670; 9,09;  129;   80; 61,25
2020-06-04;DRS 10 Piracicaba; 125,71; 1539600; 8,17;  176;  155; 13,55
2020-06-04;DRS 11 Presidente Prudente;  42,00;  752260; 5,58;   58;   50; 16,00
2020-06-04;DRS 12 Registro;  24,14;  278754; 8,66;   18;   26;-30,77
2020-06-04;DRS 13 Ribeirão Preto; 149,29; 1477530;10,10;  299;  221; 35,29
2020-06-04;DRS 14 São João da Boa Vista;  85,71;  809836;10,58;   96;   84; 14,29
2020-06-04;DRS 15 São José do Rio Preto; 220,00; 1570421;14,01;  276;  246; 12,20
2020-06-04;DRS 16 Sorocaba; 159,29; 2461760; 6,47;  242;  267; -9,36
2020-06-04;DRS 17 Taubaté; 264,71; 2489629;10,63;  357;  351;  1,71
2020-06-04;Estado de São Paulo;6997,86;44639899;15,68;12346;11726;  5,29
2020-06-05;Município de São Paulo;3190,29;11869660;26,88; 5670; 5636;  0,60
2020-06-05;Grande SP Leste; 388,00; 2977781;13,03;  715;  631; 13,31
2020-06-05;Grande SP Norte;  69,57;  603465;11,53;  108;  155;-30,32
2020-06-05;Grande SP Oeste; 215,29; 1858252;11,59;  517;  590;-12,37
2020-06-05;Grande SP Sudeste; 642,71; 2690590;23,89; 1301; 1279;  1,72
2020-06-05;Grande SP Sudoeste; 111,29; 1138499; 9,78;  276;  298; -7,38
2020-06-05;DRS 02 Araçatuba;  67,71;  764041; 8,86;   91;   51; 78,43
2020-06-05;DRS 03 Araraquara;  66,57;  991435; 6,71;  141;  129;  9,30
2020-06-05;DRS 04 Baixada Santista; 365,29; 1831884;19,94;  595;  569;  4,57
2020-06-05;DRS 05 Barretos;  54,57;  425090;12,84;   71;   46; 54,35
2020-06-05;DRS 06 Bauru; 117,57; 1741281; 6,75;  249;  221; 12,67
2020-06-05;DRS 07 Campinas; 580,29; 4562125;12,72;  992;  779; 27,34
2020-06-05;DRS 08 Franca;  31,00;  696336; 4,45;   47;   38; 23,68
2020-06-05;DRS 09 Marília; 101,86; 1109670; 9,18;  131;   92; 42,39
2020-06-05;DRS 10 Piracicaba; 125,14; 1539600; 8,13;  194;  153; 26,80
2020-06-05;DRS 11 Presidente Prudente;  42,00;  752260; 5,58;   63;   38; 65,79
2020-06-05;DRS 12 Registro;  24,86;  278754; 8,92;   20;   25;-20,00
2020-06-05;DRS 13 Ribeirão Preto; 149,00; 1477530;10,08;  321;  219; 46,58
2020-06-05;DRS 14 São João da Boa Vista;  86,29;  809836;10,66;   95;   84; 13,10
2020-06-05;DRS 15 São José do Rio Preto; 227,14; 1570421;14,46;  300;  236; 27,12
2020-06-05;DRS 16 Sorocaba; 160,29; 2461760; 6,51;  238;  282;-15,60
2020-06-05;DRS 17 Taubaté; 270,14; 2489629;10,85;  382;  323; 18,27
2020-06-05;Estado de São Paulo;7086,86;44639899;15,88;12517;11874;  5,42
2020-06-06;Município de São Paulo;3221,14;11869660;27,14; 5719; 5629;  1,60
2020-06-06;Grande SP Leste; 392,43; 2977781;13,18;  746;  630; 18,41
2020-06-06;Grande SP Norte;  72,57;  603465;12,03;  112;  132;-15,15
2020-06-06;Grande SP Oeste; 221,86; 1858252;11,94;  516;  567; -8,99
2020-06-06;Grande SP Sudeste; 674,57; 2690590;25,07; 1294; 1288;  0,47
2020-06-06;Grande SP Sudoeste; 109,86; 1138499; 9,65;  280;  276;  1,45
2020-06-06;DRS 02 Araçatuba;  67,71;  764041; 8,86;   88;   50; 76,00
2020-06-06;DRS 03 Araraquara;  68,14;  991435; 6,87;  150;  113; 32,74
2020-06-06;DRS 04 Baixada Santista; 373,71; 1831884;20,40;  563;  582; -3,26
2020-06-06;DRS 05 Barretos;  54,43;  425090;12,80;   75;   48; 56,25
2020-06-06;DRS 06 Bauru; 117,43; 1741281; 6,74;  260;  205; 26,83
2020-06-06;DRS 07 Campinas; 584,29; 4562125;12,81; 1028;  770; 33,51
2020-06-06;DRS 08 Franca;  31,71;  696336; 4,55;   51;   40; 27,50
2020-06-06;DRS 09 Marília; 102,57; 1109670; 9,24;  131;   98; 33,67
2020-06-06;DRS 10 Piracicaba; 124,57; 1539600; 8,09;  194;  152; 27,63
2020-06-06;DRS 11 Presidente Prudente;  42,00;  752260; 5,58;   66;   45; 46,67
2020-06-06;DRS 12 Registro;  25,57;  278754; 9,17;   18;   26;-30,77
2020-06-06;DRS 13 Ribeirão Preto; 149,00; 1477530;10,08;  340;  232; 46,55
2020-06-06;DRS 14 São João da Boa Vista;  86,86;  809836;10,73;   96;   86; 11,63
2020-06-06;DRS 15 São José do Rio Preto; 234,43; 1570421;14,93;  308;  232; 32,76
2020-06-06;DRS 16 Sorocaba; 161,29; 2461760; 6,55;  249;  282;-11,70
2020-06-06;DRS 17 Taubaté; 275,14; 2489629;11,05;  399;  313; 27,48
2020-06-06;Estado de São Paulo;7191,29;44639899;16,11;12683;11796;  7,52
2020-06-07;Município de São Paulo;3245,86;11869660;27,35; 5648; 5676; -0,49
2020-06-07;Grande SP Leste; 398,71; 2977781;13,39;  742;  638; 16,30
2020-06-07;Grande SP Norte;  76,86;  603465;12,74;  123;  128; -3,91
2020-06-07;Grande SP Oeste; 234,71; 1858252;12,63;  539;  556; -3,06
2020-06-07;Grande SP Sudeste; 711,43; 2690590;26,44; 1271; 1297; -2,00
2020-06-07;Grande SP Sudoeste; 108,43; 1138499; 9,52;  292;  258; 13,18
2020-06-07;DRS 02 Araçatuba;  67,71;  764041; 8,86;   82;   62; 32,26
2020-06-07;DRS 03 Araraquara;  69,71;  991435; 7,03;  150;  118; 27,12
2020-06-07;DRS 04 Baixada Santista; 382,00; 1831884;20,85;  577;  591; -2,37
2020-06-07;DRS 05 Barretos;  54,29;  425090;12,77;   81;   45; 80,00
2020-06-07;DRS 06 Bauru; 114,14; 1741281; 6,55;  266;  203; 31,03
2020-06-07;DRS 07 Campinas; 590,43; 4562125;12,94; 1067;  775; 37,68
2020-06-07;DRS 08 Franca;  32,43;  696336; 4,66;   45;   45;  0,00
2020-06-07;DRS 09 Marília; 103,29; 1109670; 9,31;  129;  100; 29,00
2020-06-07;DRS 10 Piracicaba; 124,86; 1539600; 8,11;  201;  143; 40,56
2020-06-07;DRS 11 Presidente Prudente;  42,00;  752260; 5,58;   74;   41; 80,49
2020-06-07;DRS 12 Registro;  26,29;  278754; 9,43;   20;   26;-23,08
2020-06-07;DRS 13 Ribeirão Preto; 149,00; 1477530;10,08;  366;  230; 59,13
2020-06-07;DRS 14 São João da Boa Vista;  81,43;  809836;10,06;   96;   88;  9,09
2020-06-07;DRS 15 São José do Rio Preto; 241,86; 1570421;15,40;  293;  243; 20,58
2020-06-07;DRS 16 Sorocaba; 162,29; 2461760; 6,59;  268;  268;  0,00
2020-06-07;DRS 17 Taubaté; 279,14; 2489629;11,21;  414;  294; 40,82
2020-06-07;Estado de São Paulo;7296,86;44639899;16,35;12744;11825;  7,77
2020-06-08;Município de São Paulo;3276,14;11869660;27,60; 5626; 5736; -1,92
2020-06-08;Grande SP Leste; 402,29; 2977781;13,51;  742;  670; 10,75
2020-06-08;Grande SP Norte;  81,14;  603465;13,45;  129;  130; -0,77
2020-06-08;Grande SP Oeste; 249,14; 1858252;13,41;  556;  557; -0,18
2020-06-08;Grande SP Sudeste; 743,29; 2690590;27,63; 1276; 1315; -2,97
2020-06-08;Grande SP Sudoeste; 104,29; 1138499; 9,16;  285;  269;  5,95
2020-06-08;DRS 02 Araçatuba;  67,71;  764041; 8,86;   81;   62; 30,65
2020-06-08;DRS 03 Araraquara;  71,29;  991435; 7,19;  153;  126; 21,43
2020-06-08;DRS 04 Baixada Santista; 391,00; 1831884;21,34;  581;  601; -3,33
2020-06-08;DRS 05 Barretos;  54,14;  425090;12,74;   85;   44; 93,18
2020-06-08;DRS 06 Bauru; 115,29; 1741281; 6,62;  270;  199; 35,68
2020-06-08;DRS 07 Campinas; 594,86; 4562125;13,04; 1072;  849; 26,27
2020-06-08;DRS 08 Franca;  33,14;  696336; 4,76;   44;   41;  7,32
2020-06-08;DRS 09 Marília; 104,00; 1109670; 9,37;  131;  102; 28,43
2020-06-08;DRS 10 Piracicaba; 124,71; 1539600; 8,10;  207;  146; 41,78
2020-06-08;DRS 11 Presidente Prudente;  42,00;  752260; 5,58;   74;   45; 64,44
2020-06-08;DRS 12 Registro;  27,00;  278754; 9,69;   19;   22;-13,64
2020-06-08;DRS 13 Ribeirão Preto; 148,86; 1477530;10,07;  364;  241; 51,04
2020-06-08;DRS 14 São João da Boa Vista;  82,00;  809836;10,13;   95;   90;  5,56
2020-06-08;DRS 15 São José do Rio Preto; 250,29; 1570421;15,94;  298;  249; 19,68
2020-06-08;DRS 16 Sorocaba; 164,43; 2461760; 6,68;  285;  256; 11,33
2020-06-08;DRS 17 Taubaté; 284,14; 2489629;11,41;  416;  300; 38,67
2020-06-08;Estado de São Paulo;7411,14;44639899;16,60;12789;12050;  6,13
2020-06-09;Município de São Paulo;3286,71;11869660;27,69; 5687; 5747; -1,04
2020-06-09;Grande SP Leste; 405,14; 2977781;13,61;  735;  664; 10,69
2020-06-09;Grande SP Norte;  88,00;  603465;14,58;  133;  115; 15,65
2020-06-09;Grande SP Oeste; 263,43; 1858252;14,18;  565;  544;  3,86
2020-06-09;Grande SP Sudeste; 755,14; 2690590;28,07; 1280; 1332; -3,90
2020-06-09;Grande SP Sudoeste; 104,29; 1138499; 9,16;  289;  259; 11,58
2020-06-09;DRS 02 Araçatuba;  67,71;  764041; 8,86;   86;   71; 21,13
2020-06-09;DRS 03 Araraquara;  72,29;  991435; 7,29;  148;  136;  8,82
2020-06-09;DRS 04 Baixada Santista; 401,71; 1831884;21,93;  595;  603; -1,33
2020-06-09;DRS 05 Barretos;  54,14;  425090;12,74;   83;   47; 76,60
2020-06-09;DRS 06 Bauru; 116,43; 1741281; 6,69;  269;  218; 23,39
2020-06-09;DRS 07 Campinas; 602,57; 4562125;13,21; 1063;  912; 16,56
2020-06-09;DRS 08 Franca;  33,86;  696336; 4,86;   41;   42; -2,38
2020-06-09;DRS 09 Marília; 106,14; 1109670; 9,57;  137;  114; 20,18
2020-06-09;DRS 10 Piracicaba; 124,71; 1539600; 8,10;  212;  145; 46,21
2020-06-09;DRS 11 Presidente Prudente;  42,00;  752260; 5,58;   72;   53; 35,85
2020-06-09;DRS 12 Registro;  27,00;  278754; 9,69;   19;   23;-17,39
2020-06-09;DRS 13 Ribeirão Preto; 149,43; 1477530;10,11;  382;  266; 43,61
2020-06-09;DRS 14 São João da Boa Vista;  82,00;  809836;10,13;  105;   93; 12,90
2020-06-09;DRS 15 São José do Rio Preto; 251,57; 1570421;16,02;  302;  273; 10,62
2020-06-09;DRS 16 Sorocaba; 164,71; 2461760; 6,69;  306;  249; 22,89
2020-06-09;DRS 17 Taubaté; 287,86; 2489629;11,56;  428;  319; 34,17
2020-06-09;Estado de São Paulo;7486,86;44639899;16,77;12937;12225;  5,82
2020-06-10;Município de São Paulo;3296,29;11869660;27,77; 5714; 5711;  0,05
2020-06-10;Grande SP Leste; 409,43; 2977781;13,75;  743;  691;  7,53
2020-06-10;Grande SP Norte;  93,86;  603465;15,55;  139;  108; 28,70
2020-06-10;Grande SP Oeste; 276,14; 1858252;14,86;  610;  527; 15,75
2020-06-10;Grande SP Sudeste; 767,00; 2690590;28,51; 1299; 1330; -2,33
2020-06-10;Grande SP Sudoeste; 104,29; 1138499; 9,16;  287;  271;  5,90
2020-06-10;DRS 02 Araçatuba;  65,00;  764041; 8,51;   84;   79;  6,33
2020-06-10;DRS 03 Araraquara;  74,43;  991435; 7,51;  151;  139;  8,63
2020-06-10;DRS 04 Baixada Santista; 412,14; 1831884;22,50;  583;  623; -6,42
2020-06-10;DRS 05 Barretos;  53,86;  425090;12,67;   81;   54; 50,00
2020-06-10;DRS 06 Bauru; 117,29; 1741281; 6,74;  283;  226; 25,22
2020-06-10;DRS 07 Campinas; 616,86; 4562125;13,52; 1105;  942; 17,30
2020-06-10;DRS 08 Franca;  34,57;  696336; 4,96;   43;   42;  2,38
2020-06-10;DRS 09 Marília; 108,14; 1109670; 9,75;  127;  126;  0,79
2020-06-10;DRS 10 Piracicaba; 124,71; 1539600; 8,10;  214;  163; 31,29
2020-06-10;DRS 11 Presidente Prudente;  42,00;  752260; 5,58;   75;   52; 44,23
2020-06-10;DRS 12 Registro;  27,00;  278754; 9,69;   18;   19; -5,26
2020-06-10;DRS 13 Ribeirão Preto; 149,86; 1477530;10,14;  387;  283; 36,75
2020-06-10;DRS 14 São João da Boa Vista;  82,00;  809836;10,13;  103;   97;  6,19
2020-06-10;DRS 15 São José do Rio Preto; 252,86; 1570421;16,10;  337;  266; 26,69
2020-06-10;DRS 16 Sorocaba; 166,71; 2461760; 6,77;  307;  258; 18,99
2020-06-10;DRS 17 Taubaté; 290,57; 2489629;11,67;  434;  335; 29,55
2020-06-10;Estado de São Paulo;7565,00;44639899;16,95;13124;12342;  6,34
